empId,firstName,lastName,workEmail,mobile,active,designation,reportingManager,location
1,Kenneth,Garbutt,kgarbutt0@wordpress.org,2832682480,true,GIS Technical Architect,1,1
2,Roldan,Antram,rantram1@discuz.net,9841005657,true,Sales Associate,2,2
3,Reena,Haquard,rhaquard2@fema.gov,9945452397,false,Help Desk Operator,3,3
4,Allyn,Leahair,aleahair3@microsoft.com,6821474117,true,Office Assistant II,4,4
5,Salaidh,Blaycock,sblaycock4@trellian.com,2545117839,true,Human Resources Assistant II,5,5
6,Godfry,Medlin,gmedlin5@shutterfly.com,6962267647,false,Sales Representative,6,6
7,Ignaz,Filimore,ifilimore6@youtube.com,9509646246,true,Programmer Analyst II,7,7
8,Haydon,Guido,hguido7@dyndns.org,4737777177,true,Media Manager I,8,8
9,Tammie,Quoit,tquoit8@howstuffworks.com,7612707073,false,Speech Pathologist,9,9
10,Verge,Coey,vcoey9@va.gov,4605257677,true,Web Developer IV,10,10
11,Ruperta,Thurlborn,rthurlborna@smugmug.com,3843493326,true,Administrative Officer,11,11
12,Sylvia,Pleasants,spleasantsb@networkadvertising.org,6014926620,true,Paralegal,12,12
13,Melamie,Cardoe,mcardoec@nytimes.com,2476164750,false,Structural Analysis Engineer,13,13
14,Twyla,Wrathmell,twrathmelld@discovery.com,4656457270,false,VP Quality Control,14,14
15,Miner,Mowen,mmowene@ucla.edu,3052560532,true,Web Developer III,15,15
16,Nickie,Leebetter,nleebetterf@aol.com,2608114431,false,Desktop Support Technician,16,16
17,Douglas,Inns,dinnsg@tripod.com,5796114530,false,Food Chemist,17,17
18,Chester,Litterick,clitterickh@nasa.gov,6583234714,true,Physical Therapy Assistant,18,18
19,Marget,Azam,mazami@slate.com,1775692743,true,Information Systems Manager,19,19
20,Glennie,Dockreay,gdockreayj@tmall.com,3706764948,false,Nuclear Power Engineer,20,20
21,Siana,Boij,sboijk@ox.ac.uk,1518601300,true,Analyst Programmer,21,21
22,Madge,Belvin,mbelvinl@360.cn,7492769093,true,Legal Assistant,22,22
23,Caresa,Stickins,cstickinsm@blogspot.com,5518423079,false,Staff Scientist,23,23
24,Yancey,Rainforth,yrainforthn@oracle.com,8803451676,true,Software Engineer III,24,24
25,Hali,Snelson,hsnelsono@amazon.de,4947041915,true,Web Designer IV,25,25
26,Berke,Stot,bstotp@oakley.com,8387049674,true,Software Test Engineer IV,26,26
27,Alexandros,McRory,amcroryq@simplemachines.org,9636858328,true,Junior Executive,27,27
28,Alexandrina,Hague,ahaguer@skyrock.com,4155831039,false,Registered Nurse,28,28
29,Sacha,O'Crigan,socrigans@artisteer.com,3415387734,true,VP Marketing,29,29
30,Paule,Peskett,ppeskettt@ask.com,9144433623,true,Account Representative III,30,30
31,Fayth,Warbeys,fwarbeysu@earthlink.net,2292945886,false,Geological Engineer,31,31
32,Waldo,Cheeld,wcheeldv@godaddy.com,1128978255,true,Nuclear Power Engineer,32,32
33,Husain,Jacobsz,hjacobszw@wunderground.com,7494539510,false,Recruiter,33,33
34,Allistir,Portman,aportmanx@irs.gov,9107723328,false,Project Manager,34,34
35,Aime,Glison,aglisony@mysql.com,5457670252,false,Payment Adjustment Coordinator,35,35
36,Valentin,Joliffe,vjoliffez@blogspot.com,5744648040,true,Environmental Tech,36,36
37,Noemi,Gronav,ngronav10@google.com.hk,4554640238,true,Senior Editor,37,37
38,Kristi,Isac,kisac11@goodreads.com,1227684073,false,Junior Executive,38,38
39,Jere,Crosby,jcrosby12@fda.gov,3556052565,false,Food Chemist,39,39
40,Brinn,Lester,blester13@mysql.com,5575997981,false,Dental Hygienist,40,40
41,Rodrique,MacPike,rmacpike14@usatoday.com,7686704758,true,Health Coach III,41,41
42,Benson,Praundlin,bpraundlin15@pinterest.com,7342184531,false,Structural Analysis Engineer,42,42
43,Page,Jacqueminot,pjacqueminot16@cam.ac.uk,3195474085,false,Recruiting Manager,43,43
44,Wat,De Micoli,wdemicoli17@cocolog-nifty.com,4309399121,false,Technical Writer,44,44
45,Odella,Rosenstein,orosenstein18@ehow.com,7143268434,true,Software Consultant,45,45
46,Talyah,Flowers,tflowers19@tuttocitta.it,7882749365,false,Dental Hygienist,46,46
47,Malinde,Boriston,mboriston1a@gnu.org,4937360643,true,Analyst Programmer,47,47
48,Tilda,Gatenby,tgatenby1b@mozilla.org,9001180250,true,Legal Assistant,48,48
49,Netti,Hucknall,nhucknall1c@chron.com,3031741568,false,Electrical Engineer,49,49
50,Juditha,Cridlan,jcridlan1d@youtu.be,6503505606,true,Structural Analysis Engineer,50,50
51,Audrie,Wickson,awickson1e@ucla.edu,6446689292,true,Structural Analysis Engineer,51,51
52,Eli,Flowerden,eflowerden1f@ifeng.com,3944531829,false,Automation Specialist I,52,52
53,Leese,Ashmore,lashmore1g@flickr.com,4517684688,true,Actuary,53,53
54,Hewitt,Vaszoly,hvaszoly1h@wisc.edu,3943448143,true,Systems Administrator II,54,54
55,Butch,Wiffen,bwiffen1i@studiopress.com,3714886192,false,VP Product Management,55,55
56,Anette,Giggs,agiggs1j@1und1.de,9796980181,true,Budget/Accounting Analyst I,56,56
57,Lula,Boutell,lboutell1k@multiply.com,5054555223,false,VP Marketing,57,57
58,Webster,Jean,wjean1l@stanford.edu,6852598683,true,Programmer Analyst I,58,58
59,Miof mela,Sauvage,msauvage1m@tiny.cc,2509127203,true,Social Worker,59,59
60,Jozef,Ridgedell,jridgedell1n@163.com,3603159338,true,GIS Technical Architect,60,60
61,Kara-lynn,Sharply,ksharply1o@ted.com,1672390446,true,Speech Pathologist,61,61
62,Paxon,Pepis,ppepis1p@alibaba.com,9662773821,true,Senior Sales Associate,62,62
63,Nero,Organer,norganer1q@ifeng.com,5106117202,true,Structural Engineer,63,63
64,Elaine,Galler,egaller1r@hhs.gov,7117894935,false,Community Outreach Specialist,64,64
65,Vevay,Shory,vshory1s@artisteer.com,3935801465,false,Civil Engineer,65,65
66,Robinet,Hollingdale,rhollingdale1t@altervista.org,4062438735,false,Sales Representative,66,66
67,Conchita,Macilhench,cmacilhench1u@newyorker.com,2832791357,false,Teacher,67,67
68,Amalia,Mattheis,amattheis1v@patch.com,4388359914,true,Systems Administrator II,68,68
69,Eula,Ison,eison1w@mysql.com,9594448732,false,Automation Specialist II,69,69
70,Tamas,Goodman,tgoodman1x@irs.gov,4622331990,false,Administrative Officer,70,70
71,Gweneth,Rudledge,grudledge1y@barnesandnoble.com,2352873054,true,Automation Specialist IV,71,71
72,Janelle,Queyeiro,jqueyeiro1z@hc360.com,4606773665,true,Help Desk Technician,72,72
73,Cicely,Stockings,cstockings20@clickbank.net,4634028515,true,Database Administrator III,73,73
74,Shelby,Niaves,sniaves21@adobe.com,5398207620,false,Staff Accountant I,74,74
75,Julee,Meininger,jmeininger22@nifty.com,9293406496,false,Chief Design Engineer,75,75
76,Mufinella,Heighway,mheighway23@jalbum.net,2035995781,true,Operator,76,76
77,Lev,Mulchrone,lmulchrone24@admin.ch,2674791338,false,Financial Advisor,77,77
78,Marcel,Loveless,mloveless25@github.com,4887390176,false,Financial Advisor,78,78
79,Kaja,Scheu,kscheu26@hatena.ne.jp,4596122961,false,Staff Accountant IV,79,79
80,Aura,Menelaws,amenelaws27@springer.com,7673173295,false,Financial Analyst,80,80
81,Susie,Nodin,snodin28@nsw.gov.au,9072094359,false,Geological Engineer,81,81
82,Alphonse,Letts,aletts29@icio.us,4098861817,true,Design Engineer,82,82
83,Tybalt,Craighill,tcraighill2a@ucoz.com,7921126916,true,Environmental Tech,83,83
84,Leodora,Streater,lstreater2b@opensource.org,6464002485,true,Librarian,84,84
85,Janella,Skillett,jskillett2c@cisco.com,2515808777,true,Biostatistician I,85,85
86,Garv,Brunesco,gbrunesco2d@nba.com,1033984605,false,Automation Specialist IV,86,86
87,Darlleen,Spawton,dspawton2e@macromedia.com,5145741964,false,Senior Sales Associate,87,87
88,Norina,Maskill,nmaskill2f@yahoo.com,7184370608,false,Quality Control Specialist,88,88
89,Diane-marie,Rhubottom,drhubottom2g@ftc.gov,4016262999,true,Help Desk Technician,89,89
90,Dwain,Portinari,dportinari2h@delicious.com,6516484378,true,Automation Specialist III,90,90
91,Olvan,Kasman,okasman2i@networksolutions.com,7901637196,false,Staff Scientist,91,91
92,Willyt,Heinsh,wheinsh2j@opera.com,1803475382,false,Senior Quality Engineer,92,92
93,Stanley,Rigardeau,srigardeau2k@dedecms.com,3231505649,false,Sales Associate,93,93
94,Sherwin,Atthow,satthow2l@webnode.com,5888390806,true,Quality Control Specialist,94,94
95,Martino,Turvie,mturvie2m@reuters.com,2595965240,true,Executive Secretary,95,95
96,Jerrine,Giacomoni,jgiacomoni2n@ocn.ne.jp,7142761082,false,Environmental Specialist,96,96
97,Ealasaid,Baverstock,ebaverstock2o@purevolume.com,9896048662,true,Biostatistician I,97,97
98,Cathe,Lyddiatt,clyddiatt2p@biglobe.ne.jp,2834153778,false,Marketing Assistant,98,98
99,Smith,Climie,sclimie2q@howstuffworks.com,2304737557,false,Electrical Engineer,99,99
100,Benyamin,Wybrew,bwybrew2r@whitehouse.gov,5272539086,false,GIS Technical Architect,100,100
101,Jervis,Paudin,jpaudin2s@nifty.com,9621279915,true,Developer I,101,101
102,Sibby,Radoux,sradoux2t@biglobe.ne.jp,8907616797,false,Research Nurse,102,102
103,Tobiah,McCook,tmccook2u@reddit.com,4559403930,false,VP Quality Control,103,103
104,Shela,Maloney,smaloney2v@twitter.com,7079732058,true,Geologist IV,104,104
105,Augy,Brandon,abrandon2w@rakuten.co.jp,7519963809,true,Health Coach I,105,105
106,Oralia,Janowicz,ojanowicz2x@sourceforge.net,3056923047,true,Payment Adjustment Coordinator,106,106
107,Orion,Evesque,oevesque2y@dagondesign.com,8636122342,false,Teacher,107,107
108,Coralyn,Elvish,celvish2z@businessinsider.com,3789266431,true,GIS Technical Architect,108,108
109,Hyacintha,Flaxon,hflaxon30@go.com,7582772661,false,Product Engineer,109,109
110,Letizia,Petrelluzzi,lpetrelluzzi31@admin.ch,3836857721,true,Civil Engineer,110,110
111,Vidovik,Orry,vorry32@hao123.com,6235995771,true,Web Designer III,111,111
112,Justin,Liveing,jliveing33@jigsy.com,5776092733,true,Marketing Manager,112,112
113,Nessy,Yeskin,nyeskin34@typepad.com,8045612566,true,Dental Hygienist,113,113
114,Loralyn,Bartell,lbartell35@usnews.com,6576030250,false,Software Consultant,114,114
115,Layton,Hebbs,lhebbs36@earthlink.net,7698131180,true,Pharmacist,115,115
116,Kristopher,Robertsson,krobertsson37@simplemachines.org,7836614339,true,VP Accounting,116,116
117,Theda,Gerdes,tgerdes38@amazon.de,5649468035,false,Food Chemist,117,117
118,Lane,Roxburch,lroxburch39@barnesandnoble.com,3768525764,true,Project Manager,118,118
119,Debbie,Beston,dbeston3a@columbia.edu,7951386773,true,GIS Technical Architect,119,119
120,Appolonia,Swenson,aswenson3b@shinystat.com,2405033523,true,Senior Developer,120,120
121,Loreen,Le Huquet,llehuquet3c@csmonitor.com,8364153491,false,Senior Cost Accountant,121,121
122,Dud,Henkens,dhenkens3d@ft.com,3164580299,false,Geologist II,122,122
123,Dorita,Shenfisch,dshenfisch3e@hao123.com,6835021910,true,Administrative Assistant II,123,123
124,Filmer,Parlett,fparlett3f@dmoz.org,9469570521,true,Legal Assistant,124,124
125,Andre,Sponton,asponton3g@paginegialle.it,5371337528,false,VP Marketing,125,125
126,Carola,Siggens,csiggens3h@quantcast.com,6819514161,false,VP Product Management,126,126
127,Vyky,Gadman,vgadman3i@fc2.com,5078913060,true,Senior Financial Analyst,127,127
128,Saundra,Dudliston,sdudliston3j@toplist.cz,9069416208,false,Mechanical Systems Engineer,128,128
129,Maxy,Hitcham,mhitcham3k@deviantart.com,4947543410,false,Pharmacist,129,129
130,Samuel,Banner,sbanner3l@sciencedirect.com,1789867723,false,Nurse Practicioner,130,130
131,Huntington,Jewitt,hjewitt3m@patch.com,3314420644,false,Software Consultant,131,131
132,Kania,Summerley,ksummerley3n@admin.ch,6069996494,false,Quality Engineer,132,132
133,Leighton,Calderbank,lcalderbank3o@wired.com,2974369160,false,Research Assistant III,133,133
134,Bat,Tsar,btsar3p@hc360.com,9902517682,false,Senior Cost Accountant,134,134
135,Thorin,Jedrzejkiewicz,tjedrzejkiewicz3q@go.com,6985134055,true,Account Representative III,135,135
136,Arlina,Tonbridge,atonbridge3r@jiathis.com,2904082350,false,Account Coordinator,136,136
137,Fenelia,Gething,fgething3s@163.com,6321030202,false,Editor,137,137
138,Angelia,Simmill,asimmill3t@barnesandnoble.com,2373754913,false,Pharmacist,138,138
139,Sinclair,Naris,snaris3u@dailymail.co.uk,4494795101,true,Marketing Manager,139,139
140,Luciana,McLurg,lmclurg3v@people.com.cn,4253288148,true,Assistant Manager,140,140
141,Abbie,Bottomore,abottomore3w@xing.com,6611937582,false,Analog Circuit Design manager,141,141
142,Rockey,Botley,rbotley3x@economist.com,5426778433,false,Physical Therapy Assistant,142,142
143,Gilda,Trask,gtrask3y@mayoclinic.com,2445714289,true,Senior Developer,143,143
144,Anya,Prestie,aprestie3z@ning.com,1808895799,false,Computer Systems Analyst III,144,144
145,Mohammed,Dumbell,mdumbell40@godaddy.com,2184935148,false,Research Associate,145,145
146,Ashli,Ridsdell,aridsdell41@economist.com,9972919659,true,Dental Hygienist,146,146
147,Linnell,Fillan,lfillan42@blogs.com,4369296013,true,Data Coordiator,147,147
148,Barnebas,McEllen,bmcellen43@marriott.com,1237184134,true,Senior Quality Engineer,148,148
149,Ari,Giacomazzo,agiacomazzo44@wired.com,7435320209,true,Assistant Professor,149,149
150,Ursuline,Fayerbrother,ufayerbrother45@purevolume.com,5284782062,true,Registered Nurse,150,150
151,Walther,Kingswell,wkingswell46@uiuc.edu,5334457104,true,VP Sales,151,151
152,Carce,Darragon,cdarragon47@archive.org,1715758536,true,Statistician III,152,152
153,Dalila,Luck,dluck48@msn.com,5768695555,true,Biostatistician III,153,153
154,Berny,Haken,bhaken49@msn.com,6977002607,true,Marketing Manager,154,154
155,King,Schuricht,kschuricht4a@about.com,3108588626,true,Associate Professor,155,155
156,Karly,Chellam,kchellam4b@umn.edu,9317723359,true,Senior Quality Engineer,156,156
157,Hugues,Shorthill,hshorthill4c@newyorker.com,6862323701,true,GIS Technical Architect,157,157
158,Bobette,Keems,bkeems4d@xrea.com,3527171891,true,Registered Nurse,158,158
159,Irita,Jockle,ijockle4e@spotify.com,8046777024,true,Internal Auditor,159,159
160,Lexis,Delahunt,ldelahunt4f@geocities.com,1321000861,false,Information Systems Manager,160,160
161,Brande,Soutter,bsoutter4g@nyu.edu,7645176637,true,Staff Scientist,161,161
162,Rosina,Trembath,rtrembath4h@cyberchimps.com,4476354241,true,Human Resources Manager,162,162
163,Jamie,Boots,jboots4i@feedburner.com,4282557124,false,Marketing Assistant,163,163
164,Ellis,Kacheler,ekacheler4j@cafepress.com,6978877606,true,Assistant Manager,164,164
165,Milzie,Ends,mends4k@latimes.com,7535948327,true,Business Systems Development Analyst,165,165
166,Teresina,Matyas,tmatyas4l@1und1.de,8041457643,false,Registered Nurse,166,166
167,Cathe,Laying,claying4m@simplemachines.org,4862642997,true,Assistant Manager,167,167
168,Kathye,MacAulay,kmacaulay4n@xinhuanet.com,2305356327,false,Actuary,168,168
169,Trixie,Johnsey,tjohnsey4o@tripod.com,2346425996,false,Chemical Engineer,169,169
170,Lottie,Adrien,ladrien4p@studiopress.com,4662989937,false,Software Consultant,170,170
171,Art,Heskey,aheskey4q@java.com,9461600917,false,Computer Systems Analyst I,171,171
172,Zane,Sambiedge,zsambiedge4r@oaic.gov.au,5823075322,true,Media Manager I,172,172
173,Dorian,Jaqueminet,djaqueminet4s@latimes.com,1863914783,true,Social Worker,173,173
174,Eran,Ambrosi,eambrosi4t@si.edu,9961742192,false,Librarian,174,174
175,Mathilda,Gaddesby,mgaddesby4u@fotki.com,1346626270,true,Executive Secretary,175,175
176,Brunhilda,De Domenici,bdedomenici4v@sphinn.com,2102387830,false,Teacher,176,176
177,Nathaniel,Odby,nodby4w@sina.com.cn,8785496848,true,Account Representative IV,177,177
178,Torie,Le Floch,tlefloch4x@miitbeian.gov.cn,2707659143,false,Account Representative III,178,178
179,Lewie,Job,ljob4y@pcworld.com,6268608312,true,Senior Cost Accountant,179,179
180,Crin,Parmenter,cparmenter4z@delicious.com,8203799861,false,VP Quality Control,180,180
181,Bryce,Meus,bmeus50@usatoday.com,7423163684,true,Sales Associate,181,181
182,Roderich,Hardy,rhardy51@shinystat.com,2587700178,true,Senior Quality Engineer,182,182
183,Eloise,Janic,ejanic52@yelp.com,6464830906,true,Registered Nurse,183,183
184,Sada,Tufts,stufts53@nyu.edu,8329779840,false,Senior Cost Accountant,184,184
185,Jamima,Parton,jparton54@forbes.com,8738763507,true,Assistant Professor,185,185
186,Patti,Jonczyk,pjonczyk55@t-online.de,3152885807,true,Cost Accountant,186,186
187,Peyter,MacElharge,pmacelharge56@nyu.edu,1865875305,false,Programmer II,187,187
188,Toby,Siney,tsiney57@fema.gov,8358000796,false,Graphic Designer,188,188
189,Johny,Huby,jhuby58@reddit.com,9107067677,false,Software Engineer IV,189,189
190,Zia,Lind,zlind59@artisteer.com,1583539111,true,Help Desk Operator,190,190
191,Tris,Jurgenson,tjurgenson5a@time.com,3985755856,true,VP Marketing,191,191
192,Demetria,Sims,dsims5b@intel.com,9563228712,true,Librarian,192,192
193,Jen,Potell,jpotell5c@twitpic.com,1639733688,false,Editor,193,193
194,Emmott,Dashkovich,edashkovich5d@adobe.com,7857735656,false,Executive Secretary,194,194
195,Drew,Pudney,dpudney5e@trellian.com,1574546373,false,Quality Engineer,195,195
196,Shelton,De Winton,sdewinton5f@wired.com,5099443874,false,Information Systems Manager,196,196
197,Vonni,D'Alessio,vdalessio5g@microsoft.com,9635379036,false,Assistant Professor,197,197
198,Benedetto,Figgures,bfiggures5h@jalbum.net,6912063084,false,Analog Circuit Design manager,198,198
199,Arley,Timmes,atimmes5i@utexas.edu,7621562432,true,Marketing Assistant,199,199
200,Orland,Colnet,ocolnet5j@pagesperso-orange.fr,5001278722,true,Executive Secretary,200,200
201,Darby,Grzegorzewicz,dgrzegorzewicz5k@ask.com,3024782109,true,Office Assistant I,201,201
202,Emiline,Dedham,ededham5l@geocities.com,6233074265,true,Research Assistant I,202,202
203,Eddi,Loiterton,eloiterton5m@umn.edu,5162328315,true,Help Desk Operator,203,203
204,Caralie,Algie,calgie5n@sina.com.cn,7435485403,true,Nuclear Power Engineer,204,204
205,Kimberlee,McClory,kmcclory5o@springer.com,1239057216,false,Media Manager III,205,205
206,Liuka,Grindall,lgrindall5p@opera.com,6312426326,true,Programmer IV,206,206
207,Penelopa,McPeake,pmcpeake5q@mail.ru,8363194446,false,Human Resources Assistant IV,207,207
208,Rozamond,MacCahey,rmaccahey5r@opensource.org,2677870938,false,Executive Secretary,208,208
209,Barri,Scurfield,bscurfield5s@wired.com,9386591796,false,Staff Scientist,209,209
210,John,Harteley,jharteley5t@microsoft.com,3128823086,false,Administrative Officer,210,210
211,Albertine,Lawler,alawler5u@theguardian.com,6967671866,true,VP Quality Control,211,211
212,Monti,Trayton,mtrayton5v@usda.gov,5638580417,true,Help Desk Technician,212,212
213,Gilemette,Haggerstone,ghaggerstone5w@wired.com,4075692652,false,Staff Accountant II,213,213
214,Ruddie,Dawtry,rdawtry5x@seattletimes.com,9776347667,true,Financial Advisor,214,214
215,Nomi,Patinkin,npatinkin5y@noaa.gov,6741635006,true,Statistician IV,215,215
216,Barbabas,Michurin,bmichurin5z@posterous.com,9092800995,false,Mechanical Systems Engineer,216,216
217,Duff,Bier,dbier60@goodreads.com,5165499689,false,Operator,217,217
218,Wilone,Corbridge,wcorbridge61@rakuten.co.jp,8885455842,true,Legal Assistant,218,218
219,Adler,Billo,abillo62@e-recht24.de,9533953084,true,Quality Control Specialist,219,219
220,Marvin,Bygate,mbygate63@ftc.gov,1663789913,false,Software Test Engineer II,220,220
221,Faydra,Wagg,fwagg64@studiopress.com,5212021343,true,Geologist II,221,221
222,Tilly,Dykins,tdykins65@columbia.edu,3779511353,true,Nurse,222,222
223,Ferdinanda,Lamberton,flamberton66@newsvine.com,9407069342,true,Financial Advisor,223,223
224,Ellyn,Shwenn,eshwenn67@flavors.me,5956335330,false,Systems Administrator III,224,224
225,Maurie,Varvell,mvarvell68@cpanel.net,5615597105,true,Cost Accountant,225,225
226,Dania,Desquesnes,ddesquesnes69@telegraph.co.uk,5368382272,true,Environmental Specialist,226,226
227,Bartlett,Rous,brous6a@rediff.com,6479708115,true,Analyst Programmer,227,227
228,Jeannie,Iorizzo,jiorizzo6b@opera.com,8212045615,false,VP Marketing,228,228
229,Pier,Goding,pgoding6c@hibu.com,8837708821,true,Cost Accountant,229,229
230,Rori,Maker,rmaker6d@bloomberg.com,4144651277,false,Desktop Support Technician,230,230
231,Yehudi,Marioneau,ymarioneau6e@eepurl.com,3243231954,true,Assistant Manager,231,231
232,Jacklyn,Thresh,jthresh6f@miitbeian.gov.cn,8975984858,false,Senior Cost Accountant,232,232
233,Gardner,Orniz,gorniz6g@histats.com,6851496945,true,Speech Pathologist,233,233
234,Berti,Render,brender6h@businessinsider.com,9524582758,false,Physical Therapy Assistant,234,234
235,Farlie,Gooders,fgooders6i@umn.edu,3225587046,true,Software Consultant,235,235
236,Samuele,Perl,sperl6j@phpbb.com,4986540328,false,Accountant II,236,236
237,Ilse,Rashleigh,irashleigh6k@fda.gov,4773764496,true,Senior Quality Engineer,237,237
238,Lincoln,Antognetti,lantognetti6l@ox.ac.uk,2733224137,true,Business Systems Development Analyst,238,238
239,Bank,Forgie,bforgie6m@scientificamerican.com,7175429484,false,Graphic Designer,239,239
240,Drusi,Lillyman,dlillyman6n@posterous.com,1862320177,false,Human Resources Manager,240,240
241,Wilfrid,Neenan,wneenan6o@telegraph.co.uk,7944665227,false,Environmental Tech,241,241
242,Darrel,McSherry,dmcsherry6p@amazon.co.jp,2468616712,false,Marketing Assistant,242,242
243,Opalina,Labat,olabat6q@reddit.com,6773830340,false,Media Manager III,243,243
244,Rubie,Crees,rcrees6r@shop-pro.jp,5579974325,false,Paralegal,244,244
245,Marshal,Elgood,melgood6s@utexas.edu,7675881215,false,Financial Advisor,245,245
246,Elayne,Brownell,ebrownell6t@cloudflare.com,9133427664,true,Developer III,246,246
247,Elihu,Heady,eheady6u@stanford.edu,3789720664,true,General Manager,247,247
248,Barri,Moylane,bmoylane6v@prnewswire.com,7919810915,false,Quality Control Specialist,248,248
249,Shanta,Kausche,skausche6w@t-online.de,1921136220,false,Professor,249,249
250,Shel,Drysdale,sdrysdale6x@geocities.com,8586892509,false,Cost Accountant,250,250
251,Marabel,Tumbelty,mtumbelty6y@columbia.edu,7356740369,true,Registered Nurse,251,251
252,Towny,Scougall,tscougall6z@cafepress.com,3773321777,true,Marketing Manager,252,252
253,Simmonds,Stollery,sstollery70@wordpress.com,9765106017,true,Actuary,253,253
254,Waiter,Gadesby,wgadesby71@soundcloud.com,8497609721,true,Occupational Therapist,254,254
255,Smith,Kadwallider,skadwallider72@prweb.com,2755296772,false,Financial Advisor,255,255
256,George,McCreary,gmccreary73@usatoday.com,7253612114,false,Pharmacist,256,256
257,Verine,Midson,vmidson74@lulu.com,5743609227,true,Financial Advisor,257,257
258,Mayor,Colwill,mcolwill75@webmd.com,3968068671,false,Environmental Tech,258,258
259,Bartholomeus,Brim,bbrim76@addtoany.com,9674398483,true,Sales Representative,259,259
260,See,Hutcheon,shutcheon77@mozilla.com,6378683205,true,Administrative Assistant II,260,260
261,Garry,MacArdle,gmacardle78@livejournal.com,3749445736,true,Junior Executive,261,261
262,Tabor,Pesak,tpesak79@msn.com,2318373297,true,Assistant Media Planner,262,262
263,Dniren,Henkmann,dhenkmann7a@foxnews.com,7671349614,true,Programmer III,263,263
264,Geri,Haster,ghaster7b@tripod.com,6486894648,false,Web Developer I,264,264
265,Olly,Whyte,owhyte7c@flickr.com,6344263183,true,Help Desk Technician,265,265
266,Thekla,Greensmith,tgreensmith7d@ow.ly,2056667595,true,Mechanical Systems Engineer,266,266
267,Kingsly,Gleave,kgleave7e@lycos.com,4565155667,false,Database Administrator II,267,267
268,Riane,McGurk,rmcgurk7f@tinyurl.com,6767237434,true,Geological Engineer,268,268
269,Jessey,Vine,jvine7g@china.com.cn,1807644704,false,Automation Specialist IV,269,269
270,Raven,Kerner,rkerner7h@exblog.jp,6943001793,false,Staff Scientist,270,270
271,Tann,Dakin,tdakin7i@howstuffworks.com,9147330568,false,Nurse,271,271
272,Jakob,Dockrey,jdockrey7j@hp.com,1372943973,true,Director of Sales,272,272
273,Sollie,O'Hagerty,sohagerty7k@networksolutions.com,3406764948,false,Administrative Assistant I,273,273
274,Cullie,Oddboy,coddboy7l@netvibes.com,7042085514,true,Assistant Media Planner,274,274
275,Sonnnie,Lushey,slushey7m@chicagotribune.com,7601546663,true,Analyst Programmer,275,275
276,Tibold,McIleen,tmcileen7n@dailymotion.com,9165526561,true,Registered Nurse,276,276
277,Charlotta,Findlater,cfindlater7o@google.ca,8173820722,true,Structural Engineer,277,277
278,Lonnie,Sheringham,lsheringham7p@icio.us,2165009390,false,Web Designer I,278,278
279,Eleonora,Mc Combe,emccombe7q@last.fm,6112795339,false,Budget/Accounting Analyst III,279,279
280,Jefferey,Chowne,jchowne7r@meetup.com,7568883235,false,Mechanical Systems Engineer,280,280
281,Eberto,Darco,edarco7s@wisc.edu,4495504221,false,VP Quality Control,281,281
282,Sancho,Reary,sreary7t@rakuten.co.jp,4929188896,true,Executive Secretary,282,282
283,Cristobal,Cawthron,ccawthron7u@psu.edu,6633811589,false,Pharmacist,283,283
284,Ianthe,Dopson,idopson7v@ucsd.edu,8687776220,false,Pharmacist,284,284
285,Lynsey,Trowler,ltrowler7w@yolasite.com,2611543363,false,Senior Sales Associate,285,285
286,Rodina,Cullimore,rcullimore7x@businesswire.com,7728199808,true,Nuclear Power Engineer,286,286
287,Shani,Edrich,sedrich7y@gmpg.org,8405235264,false,Health Coach I,287,287
288,Kit,Coles,kcoles7z@foxnews.com,3724032329,true,Executive Secretary,288,288
289,Correy,Kentwell,ckentwell80@reuters.com,5586027797,false,Teacher,289,289
290,Dunn,Gallimore,dgallimore81@gmpg.org,1524585475,false,Analyst Programmer,290,290
291,Roshelle,Allain,rallain82@xinhuanet.com,8839016007,true,Software Test Engineer II,291,291
292,Malinde,Hance,mhance83@usgs.gov,1244890133,false,Electrical Engineer,292,292
293,Maria,Riccardo,mriccardo84@slashdot.org,3706225292,false,Paralegal,293,293
294,Wiley,Isbell,wisbell85@vimeo.com,6921327740,false,Physical Therapy Assistant,294,294
295,Valida,Sleath,vsleath86@rediff.com,1782658214,true,Electrical Engineer,295,295
296,Daveta,China,dchina87@cloudflare.com,8864610563,false,Biostatistician III,296,296
297,Edita,Gibbie,egibbie88@hibu.com,4159245959,true,Structural Engineer,297,297
298,Bernard,Eneas,beneas89@opensource.org,5371671727,false,Operator,298,298
299,Giffer,Briand,gbriand8a@businesswire.com,2624880001,true,General Manager,299,299
300,Vin,Kelmere,vkelmere8b@indiatimes.com,2884211248,false,Senior Cost Accountant,300,300
301,Arden,Cutajar,acutajar8c@arstechnica.com,6324400263,true,Assistant Professor,301,301
302,Tracie,Charlson,tcharlson8d@blogspot.com,1306514255,true,Human Resources Assistant IV,302,302
303,Orelee,Philippart,ophilippart8e@google.cn,3311494754,false,Health Coach IV,303,303
304,Brennen,Wager,bwager8f@free.fr,5784836586,false,Internal Auditor,304,304
305,Giacinta,Witherbed,gwitherbed8g@elegantthemes.com,4477923395,false,Environmental Specialist,305,305
306,Lucho,de Vaen,ldevaen8h@stumbleupon.com,3441208616,true,General Manager,306,306
307,Gianina,Beames,gbeames8i@stanford.edu,2486716331,false,Statistician I,307,307
308,Luisa,McIllrick,lmcillrick8j@google.it,3849498691,false,Registered Nurse,308,308
309,Francklyn,Cleere,fcleere8k@unc.edu,3693263919,true,Pharmacist,309,309
310,Selia,Falla,sfalla8l@arizona.edu,5275564789,false,Assistant Media Planner,310,310
311,Lew,Neilson,lneilson8m@123-reg.co.uk,2742429138,true,Actuary,311,311
312,Delores,Brettelle,dbrettelle8n@imageshack.us,1415521424,true,Database Administrator I,312,312
313,Meryl,Dibbs,mdibbs8o@exblog.jp,2904721700,false,VP Sales,313,313
314,Dusty,Masser,dmasser8p@stanford.edu,3337406662,true,Account Coordinator,314,314
315,Kaitlyn,Getsham,kgetsham8q@seesaa.net,4166169030,false,Executive Secretary,315,315
316,Ellette,McElvine,emcelvine8r@fema.gov,6934875535,true,Teacher,316,316
317,Kennith,Fibbings,kfibbings8s@etsy.com,4872605047,false,Research Associate,317,317
318,Idette,Pegram,ipegram8t@e-recht24.de,9776390552,false,Senior Financial Analyst,318,318
319,Allis,Fullylove,afullylove8u@nba.com,3174271312,false,Senior Cost Accountant,319,319
320,Mallorie,Biddulph,mbiddulph8v@soup.io,4144145362,false,Nuclear Power Engineer,320,320
321,Aland,Spare,aspare8w@irs.gov,6487174183,false,Database Administrator II,321,321
322,Carine,Tarquinio,ctarquinio8x@a8.net,6126224356,true,Senior Sales Associate,322,322
323,Jesse,Brackley,jbrackley8y@theguardian.com,7679676028,false,Business Systems Development Analyst,323,323
324,Willyt,Lanchester,wlanchester8z@cmu.edu,3016975999,true,Geological Engineer,324,324
325,Alexine,McGurgan,amcgurgan90@slashdot.org,5949446393,false,Senior Editor,325,325
326,Stephine,Sare,ssare91@tuttocitta.it,9561633015,true,Staff Scientist,326,326
327,Patric,Slessar,pslessar92@boston.com,8353254225,true,Occupational Therapist,327,327
328,Sibylle,Sygrove,ssygrove93@imgur.com,3661465781,false,Technical Writer,328,328
329,Margaretta,Haccleton,mhaccleton94@cafepress.com,6911789309,true,Statistician IV,329,329
330,Carmencita,Siggery,csiggery95@cloudflare.com,9901777506,false,Associate Professor,330,330
331,Allx,Dog,adog96@cocolog-nifty.com,5528734085,true,Programmer II,331,331
332,Tobi,Wainwright,twainwright97@newyorker.com,5207994510,true,Database Administrator III,332,332
333,Katherina,Deares,kdeares98@europa.eu,9884979735,false,Staff Accountant I,333,333
334,Cordi,De Ortega,cdeortega99@studiopress.com,5943190277,true,Structural Engineer,334,334
335,Maribel,Fancutt,mfancutt9a@webeden.co.uk,9282577071,true,Community Outreach Specialist,335,335
336,Moses,Nunson,mnunson9b@ftc.gov,6293040293,false,Business Systems Development Analyst,336,336
337,Glen,Yakebovitch,gyakebovitch9c@amazon.co.jp,2499226297,false,Safety Technician II,337,337
338,Artie,Fentem,afentem9d@zimbio.com,4989603200,false,Structural Engineer,338,338
339,Lynn,Wittman,lwittman9e@wordpress.org,6703355809,false,Quality Engineer,339,339
340,Wilmer,Hearon,whearon9f@exblog.jp,6512829504,false,Actuary,340,340
341,Lyndy,Brattell,lbrattell9g@ebay.com,1643813314,true,Executive Secretary,341,341
342,Diane-marie,Groll,dgroll9h@pen.io,3398860024,true,Legal Assistant,342,342
343,Quent,Scragg,qscragg9i@hp.com,9339992850,true,Teacher,343,343
344,Pattie,Bergeon,pbergeon9j@economist.com,5644114043,true,Speech Pathologist,344,344
345,Findley,de Guerre,fdeguerre9k@yahoo.co.jp,3086327561,false,Operator,345,345
346,Ranique,Malia,rmalia9l@bizjournals.com,9365197666,true,Help Desk Technician,346,346
347,Stefanie,Jacobovitz,sjacobovitz9m@utexas.edu,4099255146,true,Accountant IV,347,347
348,Allene,Beevers,abeevers9n@nbcnews.com,3085828471,true,Clinical Specialist,348,348
349,Shaun,McAllen,smcallen9o@amazon.com,2506294630,false,VP Marketing,349,349
350,Maire,Dewicke,mdewicke9p@barnesandnoble.com,1199877605,true,Technical Writer,350,350
351,Leland,Collcott,lcollcott9q@desdev.cn,6561574625,false,Sales Associate,351,351
352,Jacquie,Moodey,jmoodey9r@rakuten.co.jp,5626947061,true,Speech Pathologist,352,352
353,Donella,Strafen,dstrafen9s@squidoo.com,2353491069,true,Help Desk Operator,353,353
354,Kelbee,Olivet,kolivet9t@angelfire.com,3017886960,true,Research Associate,354,354
355,Isa,McCaw,imccaw9u@irs.gov,9431728768,true,Chief Design Engineer,355,355
356,Caprice,Desquesnes,cdesquesnes9v@businessinsider.com,6874286266,false,Safety Technician III,356,356
357,Genny,Darrow,gdarrow9w@goodreads.com,9192548330,true,Computer Systems Analyst IV,357,357
358,Dolf,Dole,ddole9x@unc.edu,8904772317,true,Editor,358,358
359,Aurlie,Gye,agye9y@smh.com.au,3815462539,true,VP Product Management,359,359
360,Thekla,Dalgarno,tdalgarno9z@rediff.com,2298300039,false,Quality Engineer,360,360
361,Miguelita,Alesin,malesina0@addthis.com,2748878718,true,Staff Accountant I,361,361
362,Gilberta,Bearward,gbearwarda1@un.org,6622109248,true,Human Resources Manager,362,362
363,Reinhold,Wyett,rwyetta2@unesco.org,5658120997,false,Recruiting Manager,363,363
364,Louisa,Napleton,lnapletona3@bloomberg.com,2255822105,true,Chemical Engineer,364,364
365,Jobina,Wandless,jwandlessa4@macromedia.com,9372145409,true,Paralegal,365,365
366,Candide,Dashwood,cdashwooda5@soundcloud.com,1296264016,false,Social Worker,366,366
367,Kassey,Pietruszka,kpietruszkaa6@ucoz.com,3866290636,true,Senior Developer,367,367
368,Joletta,Succamore,jsuccamorea7@wsj.com,5275877689,false,Software Consultant,368,368
369,Dorey,Georges,dgeorgesa8@blogs.com,8913764407,false,GIS Technical Architect,369,369
370,Lanie,Algeo,lalgeoa9@opera.com,7316787166,false,Technical Writer,370,370
371,Veda,Chapier,vchapieraa@msu.edu,4847018647,true,Staff Accountant I,371,371
372,Sharl,Wharf,swharfab@taobao.com,7374037673,false,Administrative Officer,372,372
373,Fanchon,Alwen,falwenac@163.com,7647234581,false,Actuary,373,373
374,Chadwick,Drife,cdrifead@biglobe.ne.jp,1201377051,false,Senior Sales Associate,374,374
375,Leelah,Cunningham,lcunninghamae@wunderground.com,6574952879,true,Business Systems Development Analyst,375,375
376,Brynn,Rowan,browanaf@elpais.com,2922987355,false,Environmental Specialist,376,376
377,Eugenie,Fewell,efewellag@bluehost.com,3815687288,true,Nuclear Power Engineer,377,377
378,Herb,Conaghan,hconaghanah@usgs.gov,3426251062,true,Computer Systems Analyst II,378,378
379,Audrie,Haylett,ahaylettai@paypal.com,4938257025,false,Senior Financial Analyst,379,379
380,Merl,Lyokhin,mlyokhinaj@bizjournals.com,6941295159,true,Assistant Professor,380,380
381,Frederick,Kerfoot,fkerfootak@mozilla.com,9713375035,false,Research Assistant IV,381,381
382,Peta,Flintoffe,pflintoffeal@studiopress.com,2899773630,true,Payment Adjustment Coordinator,382,382
383,Teodora,McLuckie,tmcluckieam@pagesperso-orange.fr,1213934445,true,Nurse,383,383
384,Lilli,Fasson,lfassonan@google.com.hk,5281379984,true,Business Systems Development Analyst,384,384
385,Rooney,Pieche,rpiecheao@thetimes.co.uk,6772575997,true,Associate Professor,385,385
386,Crysta,De la Zenne,cdelazenneap@phoca.cz,3405344746,true,Librarian,386,386
387,Cesaro,Lanfranchi,clanfranchiaq@uol.com.br,5556841072,true,Marketing Assistant,387,387
388,Odilia,Watkin,owatkinar@tumblr.com,2957988300,true,Statistician I,388,388
389,Margery,Brammar,mbrammaras@cnn.com,2758930341,false,Help Desk Operator,389,389
390,Bobby,Poschel,bposchelat@liveinternet.ru,1959557142,false,Marketing Manager,390,390
391,Shawna,Ludewig,sludewigau@alibaba.com,5098189033,false,General Manager,391,391
392,Sigvard,Choake,schoakeav@cocolog-nifty.com,8845011033,true,Structural Engineer,392,392
393,Olvan,Martignoni,omartignoniaw@linkedin.com,7205149593,true,Cost Accountant,393,393
394,Reggis,Burtenshaw,rburtenshawax@wsj.com,4654737409,true,Sales Representative,394,394
395,Arther,Jemmett,ajemmettay@squarespace.com,4798997057,false,Office Assistant III,395,395
396,Jackqueline,Hadley,jhadleyaz@pbs.org,6044586670,true,Help Desk Technician,396,396
397,Walt,Augustin,waugustinb0@google.pl,9935312455,false,Recruiting Manager,397,397
398,Raddie,Scading,rscadingb1@jalbum.net,1118869588,false,Nuclear Power Engineer,398,398
399,Wallace,Parkeson,wparkesonb2@youtu.be,2735491186,true,Senior Developer,399,399
400,Alix,Beards,abeardsb3@marketwatch.com,7296578634,false,Computer Systems Analyst I,400,400
401,Wrennie,Frickey,wfrickeyb4@ehow.com,6007775461,false,Programmer Analyst IV,401,401
402,Jazmin,Excell,jexcellb5@yolasite.com,7997961660,false,Assistant Manager,402,402
403,Kenn,Di Biagio,kdibiagiob6@mlb.com,7068289560,false,Senior Cost Accountant,403,403
404,Cesar,Ickeringill,cickeringillb7@google.com,8439427411,true,Programmer IV,404,404
405,Rodi,Daventry,rdaventryb8@alibaba.com,2397976157,false,Librarian,405,405
406,Duffy,Arnaut,darnautb9@dailymotion.com,9893039040,true,Data Coordiator,406,406
407,Kellyann,Ney,kneyba@technorati.com,9299477824,false,Research Associate,407,407
408,Garey,Catcheside,gcatchesidebb@rakuten.co.jp,8066357334,false,Product Engineer,408,408
409,Orsa,Forsyde,oforsydebc@who.int,2448736874,false,Web Designer II,409,409
410,Fulvia,Trinke,ftrinkebd@deliciousdays.com,8157096180,false,Staff Accountant II,410,410
411,Quintana,Airds,qairdsbe@squarespace.com,4917366026,true,Help Desk Operator,411,411
412,Jaimie,Idwal Evans,jidwalevansbf@live.com,9288628484,false,Automation Specialist III,412,412
413,Filberte,Karran,fkarranbg@cdc.gov,2828142783,true,Clinical Specialist,413,413
414,Ami,Raithby,araithbybh@blogtalkradio.com,3226066570,true,Assistant Manager,414,414
415,Ash,Brissard,abrissardbi@hatena.ne.jp,4757423062,false,Geological Engineer,415,415
416,Cullie,Stonier,cstonierbj@goodreads.com,7667297527,true,Statistician III,416,416
417,Candy,Joppich,cjoppichbk@earthlink.net,6282884865,true,Junior Executive,417,417
418,Nadiya,Iacovielli,niacoviellibl@edublogs.org,6483764941,false,Sales Representative,418,418
419,Tammie,Leaver,tleaverbm@e-recht24.de,7757375768,true,Marketing Assistant,419,419
420,Twyla,Concannon,tconcannonbn@youku.com,1813064065,true,Software Engineer II,420,420
421,Niall,Fossitt,nfossittbo@sina.com.cn,2934256615,false,Database Administrator I,421,421
422,Jerry,Leroux,jlerouxbp@themeforest.net,4606879984,false,Programmer Analyst I,422,422
423,Madison,Dael,mdaelbq@pinterest.com,1466701059,false,Help Desk Technician,423,423
424,Fifi,Shedd,fsheddbr@google.fr,5522900410,false,Librarian,424,424
425,Vinson,Denne,vdennebs@salon.com,7397116697,false,VP Quality Control,425,425
426,Wolf,Harmes,wharmesbt@theatlantic.com,7309520280,true,Computer Systems Analyst II,426,426
427,Kinsley,Scapelhorn,kscapelhornbu@phpbb.com,8997916639,true,Accountant IV,427,427
428,Aleksandr,Knatt,aknattbv@artisteer.com,2201428569,false,Engineer IV,428,428
429,Magnum,Hussy,mhussybw@infoseek.co.jp,8473168142,false,Research Associate,429,429
430,Nichol,Tallboy,ntallboybx@nytimes.com,7192429361,false,Health Coach IV,430,430
431,Issy,Matheson,imathesonby@whitehouse.gov,1471434497,true,Analyst Programmer,431,431
432,Cary,Tompkiss,ctompkissbz@wisc.edu,6827544826,true,Senior Developer,432,432
433,Sheree,Di Napoli,sdinapolic0@sciencedirect.com,5498350580,true,Analog Circuit Design manager,433,433
434,Lucky,Chittim,lchittimc1@umn.edu,5826577706,true,Media Manager IV,434,434
435,Meade,Oakshott,moakshottc2@toplist.cz,6547686781,true,Geological Engineer,435,435
436,Isahella,Burris,iburrisc3@uol.com.br,8212894717,true,Internal Auditor,436,436
437,Mandie,Rizzardo,mrizzardoc4@google.com.au,5904681515,true,Senior Editor,437,437
438,Angelle,Gallear,agallearc5@businesswire.com,6058185927,true,Nuclear Power Engineer,438,438
439,Jonell,Oven,jovenc6@printfriendly.com,2585327744,true,Administrative Officer,439,439
440,Klarika,Zisneros,kzisnerosc7@wiley.com,2123441171,false,Analyst Programmer,440,440
441,Lissie,Quaintance,lquaintancec8@nytimes.com,4841045593,false,Staff Accountant III,441,441
442,Lyon,Bridgstock,lbridgstockc9@aboutads.info,9436694783,false,Speech Pathologist,442,442
443,Valenka,Creser,vcreserca@chicagotribune.com,4139761400,false,Chemical Engineer,443,443
444,Retha,Rue,rruecb@rambler.ru,7754242368,true,Senior Editor,444,444
445,Caz,Geddis,cgeddiscc@flickr.com,6413953771,true,Developer II,445,445
446,Juli,Adenot,jadenotcd@icio.us,5462040713,false,Assistant Media Planner,446,446
447,Kara,Mussington,kmussingtonce@wordpress.com,3223622316,false,Staff Accountant IV,447,447
448,Shelley,Flageul,sflageulcf@pbs.org,6051635267,false,Information Systems Manager,448,448
449,Lydie,Aubert,laubertcg@buzzfeed.com,1556446568,false,Legal Assistant,449,449
450,Estella,Frankom,efrankomch@delicious.com,6029733543,false,Junior Executive,450,450
451,Amargo,Velareal,avelarealci@cnn.com,5081967250,false,Librarian,451,451
452,Aggi,Brokenbrow,abrokenbrowcj@blogs.com,2993065721,true,Software Engineer II,452,452
453,Freddy,Squires,fsquiresck@uiuc.edu,9196480321,false,Human Resources Manager,453,453
454,Oliy,Berthe,oberthecl@cyberchimps.com,4761246809,false,Environmental Specialist,454,454
455,Woodman,Crambie,wcrambiecm@china.com.cn,2927626489,false,Sales Associate,455,455
456,Leanor,Kidwell,lkidwellcn@scientificamerican.com,2726727497,true,Information Systems Manager,456,456
457,Dode,Betho,dbethoco@livejournal.com,1649245540,false,Graphic Designer,457,457
458,Val,Schirak,vschirakcp@hubpages.com,6063779504,false,Information Systems Manager,458,458
459,Lelah,Grellis,lgrelliscq@discovery.com,6539340778,false,Chief Design Engineer,459,459
460,Lindon,Bartaloni,lbartalonicr@yellowpages.com,6917662060,true,Project Manager,460,460
461,Burr,Emer,bemercs@mit.edu,6308405036,true,Web Developer I,461,461
462,Harper,Tandey,htandeyct@intel.com,5797003358,true,Pharmacist,462,462
463,Chet,McGrae,cmcgraecu@nbcnews.com,7568289936,true,Graphic Designer,463,463
464,Lenore,Pridding,lpriddingcv@skype.com,4932879186,true,Tax Accountant,464,464
465,Horacio,Pert,hpertcw@wikimedia.org,3228729753,true,Assistant Manager,465,465
466,Carmel,Doble,cdoblecx@apache.org,9858807569,true,General Manager,466,466
467,Leora,Seven,lsevency@google.es,8247217712,true,Senior Sales Associate,467,467
468,Kevon,Lathee,klatheecz@symantec.com,1022097726,false,Senior Quality Engineer,468,468
469,Karyl,Yeldon,kyeldond0@ow.ly,3684113979,true,Pharmacist,469,469
470,Ethelin,Meineking,emeinekingd1@hatena.ne.jp,9963435342,true,Compensation Analyst,470,470
471,Raf,Bomfield,rbomfieldd2@japanpost.jp,2396915296,false,Mechanical Systems Engineer,471,471
472,Franklyn,Breedy,fbreedyd3@youtube.com,4712895809,true,Recruiter,472,472
473,Toiboid,Ellingham,tellinghamd4@1und1.de,5741487031,true,Health Coach III,473,473
474,Booth,Woolard,bwoolardd5@webmd.com,9559658121,true,Librarian,474,474
475,Sallee,Izakof,sizakofd6@google.com.hk,8721588245,false,Director of Sales,475,475
476,Junie,Kisby,jkisbyd7@time.com,4193073029,false,Web Designer III,476,476
477,Aldridge,Josephoff,ajosephoffd8@ibm.com,8496284818,true,Research Associate,477,477
478,Harlan,Hachard,hhachardd9@histats.com,8344596010,true,Design Engineer,478,478
479,Reena,Johnstone,rjohnstoneda@hp.com,9483415045,true,Community Outreach Specialist,479,479
480,Abigael,Howden,ahowdendb@thetimes.co.uk,9482661046,true,Business Systems Development Analyst,480,480
481,Annabell,Ondrasek,aondrasekdc@usda.gov,5448590925,false,Statistician IV,481,481
482,Jereme,Mingus,jmingusdd@printfriendly.com,2968442423,false,Pharmacist,482,482
483,Emelita,Detoc,edetocde@sitemeter.com,8335827432,true,Quality Control Specialist,483,483
484,Dela,Wetherburn,dwetherburndf@imgur.com,2446490104,true,Web Designer III,484,484
485,Lamont,Dagleas,ldagleasdg@discuz.net,1278190578,true,Web Designer IV,485,485
486,Cord,Hugle,chugledh@icio.us,5047016748,false,Dental Hygienist,486,486
487,Nadine,Tildesley,ntildesleydi@hubpages.com,2582111453,true,Occupational Therapist,487,487
488,Shermie,Drain,sdraindj@walmart.com,4874812271,false,Graphic Designer,488,488
489,Kally,Korting,kkortingdk@usda.gov,5119726035,true,Desktop Support Technician,489,489
490,Johnathan,Orr,jorrdl@virginia.edu,9013271394,false,Developer IV,490,490
491,Vina,Sybbe,vsybbedm@nyu.edu,4122540002,true,Research Nurse,491,491
492,Evangelin,Skouling,eskoulingdn@mit.edu,2592277154,true,Marketing Assistant,492,492
493,Phelia,Osgardby,posgardbydo@foxnews.com,9862286781,true,Internal Auditor,493,493
494,Andy,Glasser,aglasserdp@state.tx.us,3855553479,true,Quality Engineer,494,494
495,Gabrila,Murtimer,gmurtimerdq@51.la,5332611113,false,Account Coordinator,495,495
496,Corny,Royal,croyaldr@goodreads.com,6559349366,true,Assistant Media Planner,496,496
497,Elmo,Pittford,epittfordds@is.gd,5787621427,false,Human Resources Assistant IV,497,497
498,Junina,McIlwrath,jmcilwrathdt@un.org,8405841689,true,Compensation Analyst,498,498
499,Rhody,Gillmor,rgillmordu@pbs.org,9093436219,false,Structural Analysis Engineer,499,499
500,Nikkie,Frick,nfrickdv@vk.com,2274146727,true,Recruiter,500,500
501,Clari,Stormonth,cstormonthdw@tamu.edu,5163541240,true,Payment Adjustment Coordinator,501,501
502,Lauraine,Lamborn,llamborndx@chronoengine.com,7085376627,true,Senior Developer,502,502
503,Britteny,Managh,bmanaghdy@slashdot.org,1784821237,true,Pharmacist,503,503
504,Carce,Bantick,cbantickdz@feedburner.com,8936364009,true,Automation Specialist III,504,504
505,Ilene,Sparwell,isparwelle0@wp.com,7249184147,false,Human Resources Assistant IV,505,505
506,Irv,Lemm,ilemme1@psu.edu,5622773195,true,Environmental Tech,506,506
507,Aaren,Broxholme,abroxholmee2@posterous.com,5428418401,false,Marketing Assistant,507,507
508,Adelaida,Kiehne,akiehnee3@lulu.com,1448988310,false,Assistant Media Planner,508,508
509,Ardyth,Berkowitz,aberkowitze4@archive.org,2265143888,true,Senior Quality Engineer,509,509
510,Pierson,Loder,plodere5@google.ca,1663570553,false,Senior Editor,510,510
511,Tildie,Jacquemy,tjacquemye6@tripod.com,7074035234,false,VP Quality Control,511,511
512,Cacilie,Cains,ccainse7@blogs.com,1366632918,false,Analyst Programmer,512,512
513,Florencia,Minshull,fminshulle8@t.co,7393022115,false,Operator,513,513
514,Kain,Swadling,kswadlinge9@seesaa.net,3284281328,true,Actuary,514,514
515,Richmond,McKeachie,rmckeachieea@tripod.com,6024332751,false,Automation Specialist II,515,515
516,Malanie,Rewbottom,mrewbottomeb@furl.net,8692602506,false,Nurse Practicioner,516,516
517,Doretta,Wanek,dwanekec@youku.com,1116014396,false,Accounting Assistant IV,517,517
518,Pattie,Garnul,pgarnuled@lycos.com,5362139952,true,Information Systems Manager,518,518
519,Wilbur,Sproule,wsprouleee@quantcast.com,9329173212,false,Senior Cost Accountant,519,519
520,Cecily,Lardeux,clardeuxef@shareasale.com,8418037133,false,VP Product Management,520,520
521,Hort,Swinfen,hswinfeneg@cloudflare.com,3131667997,false,Research Assistant IV,521,521
522,Brook,Cookney,bcookneyeh@netscape.com,6075750792,true,Project Manager,522,522
523,Kania,Millhill,kmillhillei@nasa.gov,8533476519,false,Tax Accountant,523,523
524,Vivien,Lonie,vlonieej@tumblr.com,8764341910,true,GIS Technical Architect,524,524
525,Maxi,Freezer,mfreezerek@dmoz.org,4064321677,true,Account Coordinator,525,525
526,Kalie,Winspire,kwinspireel@w3.org,1497528000,false,Internal Auditor,526,526
527,Pat,McEntagart,pmcentagartem@imgur.com,8156275084,true,Staff Accountant I,527,527
528,Heidi,Lukovic,hlukovicen@salon.com,4124924603,true,Financial Analyst,528,528
529,Guy,Sandever,gsandevereo@privacy.gov.au,1238296668,false,Staff Accountant II,529,529
530,Pete,Pape,ppapeep@chron.com,5237789064,false,Associate Professor,530,530
531,Odille,Simonutti,osimonuttieq@engadget.com,5556278451,true,Computer Systems Analyst III,531,531
532,Jere,Geraldez,jgeraldezer@amazon.com,8827502047,false,Desktop Support Technician,532,532
533,Tracey,Tasker,ttaskeres@biglobe.ne.jp,6935815444,false,Financial Advisor,533,533
534,Lacy,Fergyson,lfergysonet@theatlantic.com,2813085200,true,Software Test Engineer II,534,534
535,Wiley,Dungay,wdungayeu@mlb.com,4045407339,false,Design Engineer,535,535
536,Regen,Guthrie,rguthrieev@epa.gov,5312916741,true,Financial Analyst,536,536
537,Jaquenetta,Taggart,jtaggartew@youku.com,1781469018,false,Community Outreach Specialist,537,537
538,Anatola,Kamen,akamenex@icq.com,8748674141,true,Data Coordiator,538,538
539,Jemima,Eastabrook,jeastabrookey@acquirethisname.com,2044125802,true,Sales Associate,539,539
540,Florentia,Hek,fhekez@hubpages.com,9341398610,false,Financial Advisor,540,540
541,Arlen,Prazer,aprazerf0@hugedomains.com,7727782439,false,Human Resources Manager,541,541
542,Baxy,Kenshole,bkensholef1@qq.com,5368659349,true,Clinical Specialist,542,542
543,Clare,Dowley,cdowleyf2@chicagotribune.com,8903746725,false,Community Outreach Specialist,543,543
544,Saunder,Kores,skoresf3@paypal.com,4186412651,true,Food Chemist,544,544
545,Marni,Hillhouse,mhillhousef4@youku.com,7206864587,false,Compensation Analyst,545,545
546,Pierrette,Fielder,pfielderf5@mac.com,9515716621,false,Operator,546,546
547,Roldan,Jaskiewicz,rjaskiewiczf6@g.co,2032474714,false,Biostatistician IV,547,547
548,Salomi,Dencs,sdencsf7@w3.org,8205077665,true,Sales Representative,548,548
549,Christoph,Wharin,cwharinf8@yale.edu,2586253905,true,Accountant I,549,549
550,Dorella,Ingrem,dingremf9@sciencedirect.com,6775877519,false,Software Engineer IV,550,550
551,Angelita,Ferry,aferryfa@xrea.com,7123005127,false,Marketing Assistant,551,551
552,Nicolette,Carress,ncarressfb@wisc.edu,8317969270,true,Chief Design Engineer,552,552
553,Pauletta,Ebbrell,pebbrellfc@meetup.com,7973643549,false,Environmental Tech,553,553
554,Natalee,Phare,npharefd@reverbnation.com,4111055394,false,Paralegal,554,554
555,Mikol,Sallans,msallansfe@digg.com,3856041303,false,Director of Sales,555,555
556,Dannie,Olenikov,dolenikovff@nytimes.com,9905349454,false,Account Representative I,556,556
557,Ennis,Endacott,eendacottfg@java.com,5239997894,false,Senior Financial Analyst,557,557
558,Rayshell,Moulder,rmoulderfh@psu.edu,9402484157,false,VP Product Management,558,558
559,Troy,Darrow,tdarrowfi@canalblog.com,4076869018,false,Electrical Engineer,559,559
560,Jourdain,Mabone,jmabonefj@facebook.com,1189449686,false,Editor,560,560
561,Netty,Adelman,nadelmanfk@4shared.com,8616430378,false,Quality Control Specialist,561,561
562,Umeko,Hastler,uhastlerfl@storify.com,2091605379,true,Technical Writer,562,562
563,Jeffry,Braunroth,jbraunrothfm@yelp.com,5851497528,false,Quality Control Specialist,563,563
564,Maximo,Glasscott,mglasscottfn@about.me,4623482849,true,Design Engineer,564,564
565,Nora,Keri,nkerifo@cdbaby.com,7909501079,true,Dental Hygienist,565,565
566,Sal,Franchioni,sfranchionifp@uol.com.br,5198222179,false,Editor,566,566
567,Marisa,Howsan,mhowsanfq@csmonitor.com,5747621344,false,Information Systems Manager,567,567
568,Reynolds,Antyshev,rantyshevfr@house.gov,2529385788,true,Pharmacist,568,568
569,Perry,Gregoire,pgregoirefs@state.tx.us,8288269214,true,Nuclear Power Engineer,569,569
570,Pamela,Radford,pradfordft@nifty.com,8048576392,false,Food Chemist,570,570
571,Theadora,Leckey,tleckeyfu@google.es,1839714940,true,Quality Engineer,571,571
572,Marissa,Josuweit,mjosuweitfv@timesonline.co.uk,8373661944,true,Dental Hygienist,572,572
573,Frederique,Clardge,fclardgefw@ocn.ne.jp,4847561325,true,Automation Specialist II,573,573
574,Ange,Shelborne,ashelbornefx@reverbnation.com,8172192941,true,Research Nurse,574,574
575,Meridith,Froome,mfroomefy@mayoclinic.com,7538697980,true,Compensation Analyst,575,575
576,Ashien,Hallen,ahallenfz@engadget.com,1455008313,true,Software Consultant,576,576
577,Ermentrude,Jeanesson,ejeanessong0@washington.edu,5473053168,false,Accounting Assistant II,577,577
578,Even,Hinzer,ehinzerg1@theglobeandmail.com,7359406527,false,Environmental Tech,578,578
579,Constantia,Sturgis,csturgisg2@arstechnica.com,7848433982,true,Food Chemist,579,579
580,Jerome,Nickoll,jnickollg3@xinhuanet.com,4937604305,true,GIS Technical Architect,580,580
581,Chrissy,Mooney,cmooneyg4@liveinternet.ru,1736042543,false,Account Executive,581,581
582,Henry,Strutt,hstruttg5@twitter.com,9105405983,false,Chief Design Engineer,582,582
583,Trumaine,Briscam,tbriscamg6@seattletimes.com,9762252625,false,Food Chemist,583,583
584,Jackie,Orr,jorrg7@state.gov,6863635566,true,Marketing Assistant,584,584
585,Artair,Johnston,ajohnstong8@apple.com,5104210616,false,Tax Accountant,585,585
586,Bride,Ambrozik,bambrozikg9@flavors.me,7062642627,false,Account Executive,586,586
587,Aloisia,McGriele,amcgrielega@nymag.com,8954436551,true,Human Resources Assistant III,587,587
588,Dore,Behnke,dbehnkegb@youtube.com,7914569260,true,Associate Professor,588,588
589,Kamilah,Duffy,kduffygc@ucoz.com,2749662370,true,Help Desk Technician,589,589
590,Phillipp,Bachelor,pbachelorgd@ucoz.ru,9254271917,true,Software Consultant,590,590
591,Christian,Jeacop,cjeacopge@cnet.com,5682867547,true,Sales Representative,591,591
592,Delores,Goldsbury,dgoldsburygf@theatlantic.com,8313033144,false,Business Systems Development Analyst,592,592
593,Gonzales,Avrahamoff,gavrahamoffgg@dagondesign.com,3463502070,false,Information Systems Manager,593,593
594,Averill,Maycey,amayceygh@sohu.com,3744045025,false,Accounting Assistant II,594,594
595,Kayley,Jacox,kjacoxgi@cyberchimps.com,3513672057,false,Senior Financial Analyst,595,595
596,Early,Beaby,ebeabygj@statcounter.com,6825506837,false,Web Designer III,596,596
597,Farrel,Able,fablegk@marketwatch.com,7371403104,false,Marketing Manager,597,597
598,Margalo,Baile,mbailegl@foxnews.com,9968395866,false,Assistant Media Planner,598,598
599,Hort,Etherson,hethersongm@sakura.ne.jp,9548374605,true,Business Systems Development Analyst,599,599
600,Say,Sidey,ssideygn@webeden.co.uk,3952674770,true,Physical Therapy Assistant,600,600
601,Gabrila,Gligori,ggligorigo@reverbnation.com,5231403841,false,Electrical Engineer,601,601
602,Winnah,Skarin,wskaringp@creativecommons.org,2651634343,false,Human Resources Manager,602,602
603,Wolfy,Anthonsen,wanthonsengq@goo.gl,6572438169,false,Senior Editor,603,603
604,Vin,Humblestone,vhumblestonegr@hostgator.com,7264426760,true,Analyst Programmer,604,604
605,Paola,Markovic,pmarkovicgs@google.com.au,2746066189,false,Chemical Engineer,605,605
606,Giacopo,Hawlgarth,ghawlgarthgt@facebook.com,1799300454,false,Biostatistician III,606,606
607,Shanda,Raddin,sraddingu@canalblog.com,4021163751,false,Dental Hygienist,607,607
608,Oralla,Pilkinton,opilkintongv@apache.org,7917867072,false,Senior Cost Accountant,608,608
609,Auroora,Yateman,ayatemangw@abc.net.au,2437798968,false,Sales Associate,609,609
610,Blake,Benzies,bbenziesgx@noaa.gov,8119292170,false,Assistant Manager,610,610
611,Mureil,Seeviour,mseeviourgy@slideshare.net,1299966183,false,Assistant Manager,611,611
612,Issiah,Paolinelli,ipaolinelligz@sciencedaily.com,8599709960,false,Physical Therapy Assistant,612,612
613,Gregory,Stanton,gstantonh0@miibeian.gov.cn,2773937366,true,Geological Engineer,613,613
614,George,Kitman,gkitmanh1@joomla.org,7612674355,true,Executive Secretary,614,614
615,Tallie,Mucklow,tmucklowh2@google.cn,6784118855,true,Professor,615,615
616,Ralina,Christmas,rchristmash3@furl.net,5583126066,false,Statistician IV,616,616
617,Forrester,Fleischmann,ffleischmannh4@unicef.org,5086582511,false,Food Chemist,617,617
618,Nataniel,Crosen,ncrosenh5@godaddy.com,1191469218,true,Senior Editor,618,618
619,Payton,Janaszewski,pjanaszewskih6@sciencedirect.com,7353978009,true,VP Marketing,619,619
620,Bard,Snashall,bsnashallh7@nationalgeographic.com,3551595705,true,Desktop Support Technician,620,620
621,Talbert,Franchi,tfranchih8@slashdot.org,2801785994,true,Biostatistician III,621,621
622,Tobin,Newdick,tnewdickh9@scientificamerican.com,3618546389,true,Research Assistant IV,622,622
623,Leonora,Sugarman,lsugarmanha@dell.com,9633779616,true,Administrative Officer,623,623
624,Thomasina,Huggan,thugganhb@china.com.cn,8843597285,false,Computer Systems Analyst I,624,624
625,Leilah,Dreossi,ldreossihc@blogs.com,7177308084,false,Quality Engineer,625,625
626,Cosme,Ingry,cingryhd@infoseek.co.jp,4046643757,true,Physical Therapy Assistant,626,626
627,Joela,Feldmann,jfeldmannhe@discovery.com,4902568024,true,Civil Engineer,627,627
628,Jeanna,Pollicatt,jpollicatthf@de.vu,6032227794,false,Teacher,628,628
629,Uri,Shackel,ushackelhg@mapy.cz,3965423807,true,Tax Accountant,629,629
630,Dmitri,Caghy,dcaghyhh@moonfruit.com,9841099741,true,Marketing Manager,630,630
631,Alessandro,Lauga,alaugahi@furl.net,9571072451,true,Sales Representative,631,631
632,Mata,Janacek,mjanacekhj@bigcartel.com,9395729467,false,Librarian,632,632
633,Dotty,Gerardet,dgerardethk@privacy.gov.au,2797628932,true,Compensation Analyst,633,633
634,Amandie,Sandbach,asandbachhl@wsj.com,7684663212,true,Programmer I,634,634
635,Francisco,Maslin,fmaslinhm@omniture.com,8582181357,false,VP Quality Control,635,635
636,Rube,Pimmocke,rpimmockehn@bloomberg.com,4759092689,false,General Manager,636,636
637,Arleyne,Coutts,acouttsho@exblog.jp,7425903852,false,Senior Developer,637,637
638,Susy,Courtman,scourtmanhp@adobe.com,8988423821,true,Actuary,638,638
639,Malvina,Syseland,msyselandhq@ovh.net,8284794424,true,Senior Developer,639,639
640,Angie,Elfe,aelfehr@sciencedirect.com,8553560314,false,Mechanical Systems Engineer,640,640
641,Jeffry,Compson,jcompsonhs@digg.com,8001268650,false,Internal Auditor,641,641
642,Jody,Bowers,jbowersht@un.org,1132339016,false,Geological Engineer,642,642
643,Moe,Feakins,mfeakinshu@so-net.ne.jp,6621686375,true,Director of Sales,643,643
644,Davidson,Winckworth,dwinckworthhv@delicious.com,6728459958,false,Librarian,644,644
645,Franky,Eastgate,feastgatehw@cnbc.com,4046603808,false,Junior Executive,645,645
646,Gery,Pauly,gpaulyhx@people.com.cn,3832929311,true,Environmental Specialist,646,646
647,Daryn,Cadreman,dcadremanhy@squarespace.com,2273796083,true,Desktop Support Technician,647,647
648,Burty,Beacroft,bbeacrofthz@phpbb.com,6369641353,true,Account Executive,648,648
649,Natalie,Dary,ndaryi0@usnews.com,7906744357,true,General Manager,649,649
650,Mellisa,Buddleigh,mbuddleighi1@wiley.com,8451231379,false,Design Engineer,650,650
651,Lucina,Farnon,lfarnoni2@wunderground.com,6533686453,true,Automation Specialist I,651,651
652,Loretta,Loadsman,lloadsmani3@prlog.org,2462757555,true,Web Designer IV,652,652
653,Ardyth,McIlmorie,amcilmoriei4@cdbaby.com,8962696598,false,Help Desk Operator,653,653
654,Percy,Benedtti,pbenedttii5@discuz.net,9149424379,false,Office Assistant II,654,654
655,Ethan,Kettel,eketteli6@webs.com,1903296644,true,Business Systems Development Analyst,655,655
656,Simone,O'Glassane,soglassanei7@phoca.cz,9226252538,false,Senior Developer,656,656
657,Toby,Duchart,tducharti8@reference.com,1869331500,true,Computer Systems Analyst IV,657,657
658,Agosto,Lindberg,alindbergi9@webnode.com,6481802113,true,Human Resources Manager,658,658
659,Dew,Gregg,dgreggia@joomla.org,5994107591,false,Civil Engineer,659,659
660,Fields,Tinmouth,ftinmouthib@reverbnation.com,2596867820,true,Data Coordiator,660,660
661,Shelbi,Mungham,smunghamic@dot.gov,2754231469,false,Systems Administrator IV,661,661
662,Chrisy,Dashwood,cdashwoodid@wired.com,1135075837,false,Business Systems Development Analyst,662,662
663,Briant,Morl,bmorlie@fema.gov,9267582231,false,Senior Quality Engineer,663,663
664,Cleavland,Clemmett,cclemmettif@wordpress.com,2473169523,false,Chemical Engineer,664,664
665,Rosabella,Conry,rconryig@oaic.gov.au,8447653759,false,Programmer Analyst IV,665,665
666,Andrea,Lecount,alecountih@economist.com,7726144041,false,Senior Financial Analyst,666,666
667,Marmaduke,Rucklesse,mrucklesseii@hao123.com,9134707522,true,Data Coordiator,667,667
668,Mateo,Hooks,mhooksij@goo.ne.jp,8129809611,false,Staff Scientist,668,668
669,Sheila-kathryn,Frankcomb,sfrankcombik@amazon.de,4703820796,true,Financial Analyst,669,669
670,Annabal,Headly,aheadlyil@example.com,8358865346,false,Database Administrator II,670,670
671,Martainn,Bonson,mbonsonim@aol.com,8666996457,false,Systems Administrator IV,671,671
672,Angeline,Yerrill,ayerrillin@senate.gov,3614755864,false,Information Systems Manager,672,672
673,Margarete,Spanswick,mspanswickio@domainmarket.com,6777633507,true,Safety Technician I,673,673
674,Benedikt,Mokes,bmokesip@facebook.com,6562954994,true,Database Administrator IV,674,674
675,Juana,Beaumont,jbeaumontiq@arizona.edu,7253067525,true,Tax Accountant,675,675
676,Carmina,Peert,cpeertir@squidoo.com,2195286892,false,Statistician II,676,676
677,Celisse,Denslow,cdenslowis@ucoz.com,4458836959,false,General Manager,677,677
678,Dianna,Arnall,darnallit@washingtonpost.com,3095310570,true,Environmental Tech,678,678
679,Emmeline,McAw,emcawiu@cisco.com,1335541551,false,Assistant Professor,679,679
680,Fania,Drinkel,fdrinkeliv@webmd.com,9679109651,true,Compensation Analyst,680,680
681,Vivianna,Jennens,vjennensiw@jimdo.com,3723301299,true,Internal Auditor,681,681
682,Matthaeus,Reek,mreekix@wordpress.org,9909509707,false,Dental Hygienist,682,682
683,Brianne,Winnard,bwinnardiy@time.com,4631121728,true,Librarian,683,683
684,Lorry,Kaufman,lkaufmaniz@tripod.com,6944450081,true,Business Systems Development Analyst,684,684
685,Dayna,Conachie,dconachiej0@weather.com,6724517654,true,Sales Representative,685,685
686,Hadrian,Feben,hfebenj1@linkedin.com,8889104750,true,Structural Analysis Engineer,686,686
687,Pavel,Ellis,pellisj2@oaic.gov.au,6785517821,true,Project Manager,687,687
688,Roseanna,Gallacher,rgallacherj3@mac.com,1402834942,true,Design Engineer,688,688
689,Georgie,Probbing,gprobbingj4@gov.uk,9432345331,true,Research Assistant III,689,689
690,Hayden,Spendlove,hspendlovej5@issuu.com,8751641776,true,Editor,690,690
691,Bentley,Corder,bcorderj6@eventbrite.com,9764057760,true,Tax Accountant,691,691
692,Dennie,Feaveryear,dfeaveryearj7@parallels.com,6333094197,true,Accounting Assistant IV,692,692
693,Zaneta,Dovington,zdovingtonj8@miibeian.gov.cn,5761503787,false,Senior Developer,693,693
694,Fidelio,Reoch,freochj9@adobe.com,5206276610,false,Staff Scientist,694,694
695,Jory,Poge,jpogeja@yandex.ru,4191284579,false,Budget/Accounting Analyst III,695,695
696,Janna,Kitto,jkittojb@hibu.com,5463601681,false,Graphic Designer,696,696
697,Worden,Rivilis,wrivilisjc@exblog.jp,7789241749,true,Structural Engineer,697,697
698,Stephenie,Hansman,shansmanjd@arstechnica.com,6101960025,false,Programmer Analyst III,698,698
699,Kelvin,Ganiford,kganifordje@sciencedirect.com,2492843096,true,Senior Quality Engineer,699,699
700,Suzi,Cadge,scadgejf@cpanel.net,2576391250,true,Accounting Assistant I,700,700
701,Rahel,Letteresse,rletteressejg@51.la,8062520216,true,Senior Quality Engineer,701,701
702,Marinna,Flattman,mflattmanjh@google.com.au,9745656655,true,Marketing Manager,702,702
703,Xavier,Lennie,xlennieji@163.com,8362600161,true,VP Quality Control,703,703
704,Roxie,Simonard,rsimonardjj@umn.edu,6814436512,true,Civil Engineer,704,704
705,Sioux,Chillistone,schillistonejk@t-online.de,6937183732,true,Tax Accountant,705,705
706,Jolee,Adiscot,jadiscotjl@thetimes.co.uk,2931156203,false,Project Manager,706,706
707,Dukie,Vella,dvellajm@auda.org.au,1187871329,true,Operator,707,707
708,Marketa,Oblein,mobleinjn@yellowbook.com,4018398781,false,Business Systems Development Analyst,708,708
709,Madelina,McGreary,mmcgrearyjo@hc360.com,2062858166,false,Actuary,709,709
710,Dorie,Arnall,darnalljp@adobe.com,1863646684,false,Recruiter,710,710
711,Thorstein,Dureden,tduredenjq@discuz.net,5076426594,false,Assistant Media Planner,711,711
712,Jamie,Gostage,jgostagejr@ucla.edu,4332727726,false,Administrative Assistant II,712,712
713,Kerianne,Nisen,knisenjs@tmall.com,4141043502,false,Paralegal,713,713
714,Freddie,Rounding,froundingjt@ask.com,5047470173,false,General Manager,714,714
715,Micheline,Potapczuk,mpotapczukju@businessinsider.com,5061876563,false,Librarian,715,715
716,Essy,Pobjay,epobjayjv@ebay.com,3461382464,true,Sales Representative,716,716
717,Kiele,Normaville,knormavillejw@hud.gov,7407823233,false,Environmental Specialist,717,717
718,Lamar,Cankett,lcankettjx@creativecommons.org,7843089469,true,Actuary,718,718
719,Rosemonde,Talloe,rtalloejy@google.com.hk,6507591172,false,Account Coordinator,719,719
720,Vida,Williamson,vwilliamsonjz@shop-pro.jp,4205152183,true,Mechanical Systems Engineer,720,720
721,Bessie,Tamblingson,btamblingsonk0@princeton.edu,5041387309,true,Business Systems Development Analyst,721,721
722,Vinni,Vedeniktov,vvedeniktovk1@google.ru,3452712601,false,Financial Analyst,722,722
723,Renae,Stollmeier,rstollmeierk2@who.int,8962214313,true,Librarian,723,723
724,Theo,Muirden,tmuirdenk3@addtoany.com,8338457462,false,Quality Control Specialist,724,724
725,Veronique,Frederick,vfrederickk4@webeden.co.uk,8007009618,true,Internal Auditor,725,725
726,Shayla,Hanburry,shanburryk5@youtu.be,7268361338,false,Senior Editor,726,726
727,Bearnard,Rhucroft,brhucroftk6@eepurl.com,5115177218,false,Product Engineer,727,727
728,Jessalyn,Giovannacc@i,jgiovannaccik7@t.co,6588293400,false,Programmer Analyst I,728,728
729,Cliff,Brik,cbrikk8@imageshack.us,2749803869,false,Office Assistant I,729,729
730,Dore,Hebborne,dhebbornek9@simplemachines.org,8488154494,true,Pharmacist,730,730
731,Aridatha,MacTrusty,amactrustyka@nbcnews.com,4229368602,true,Accounting Assistant IV,731,731
732,Augy,Taillard,ataillardkb@nyu.edu,4338554308,true,Design Engineer,732,732
733,Hannah,Stive,hstivekc@weather.com,1307360179,false,Tax Accountant,733,733
734,Isabel,Vassay,ivassaykd@goo.gl,8758361474,false,Teacher,734,734
735,Randolf,Renols,rrenolske@oaic.gov.au,1605652802,true,Staff Scientist,735,735
736,Charmian,Duddle,cduddlekf@godaddy.com,3931366956,false,Developer III,736,736
737,Raymond,Boame,rboamekg@hc360.com,3791157044,true,Account Coordinator,737,737
738,Art,Sherrin,asherrinkh@pcworld.com,4522359756,true,Financial Advisor,738,738
739,Vivien,Calafate,vcalafateki@chron.com,1366188095,false,Assistant Manager,739,739
740,Ansell,Scarce,ascarcekj@wiley.com,4812019112,false,Geologist IV,740,740
741,Sloan,Huton,shutonkk@howstuffworks.com,4488614691,false,Biostatistician III,741,741
742,Oralee,Witard,owitardkl@cargocollective.com,5945551555,false,Geological Engineer,742,742
743,Davidson,Horder,dhorderkm@fema.gov,1656411382,true,Marketing Assistant,743,743
744,Darlene,Lodwick,dlodwickkn@addtoany.com,7803266105,true,Staff Accountant III,744,744
745,Brittani,Cockshoot,bcockshootko@wp.com,7739782034,false,Recruiter,745,745
746,Maisey,Turner,mturnerkp@tmall.com,2446305417,false,Project Manager,746,746
747,Phelia,Khomishin,pkhomishinkq@jalbum.net,8224278603,true,Senior Financial Analyst,747,747
748,Coriss,Hamsson,chamssonkr@ca.gov,3286374394,false,Programmer II,748,748
749,Ranice,Treend,rtreendks@ed.gov,1495740320,true,Tax Accountant,749,749
750,Bradford,Pibsworth,bpibsworthkt@reuters.com,5629171397,true,Legal Assistant,750,750
751,Hamilton,Vicent,hvicentku@weather.com,2148452191,true,Structural Engineer,751,751
752,Gery,Pendlebury,gpendleburykv@newsvine.com,4907558163,true,VP Quality Control,752,752
753,Tobiah,Sweeten,tsweetenkw@issuu.com,7697040195,false,Staff Scientist,753,753
754,Conny,Bayless,cbaylesskx@harvard.edu,7149102862,false,Pharmacist,754,754
755,Hyatt,Molloy,hmolloyky@trellian.com,5518803644,false,Quality Engineer,755,755
756,Valina,Wadmore,vwadmorekz@rakuten.co.jp,9785708982,false,Recruiting Manager,756,756
757,Malanie,Relton,mreltonl0@jigsy.com,1183002010,true,Tax Accountant,757,757
758,Tammi,Toffano,ttoffanol1@artisteer.com,9143226519,true,Legal Assistant,758,758
759,Joline,Trusse,jtrussel2@skype.com,4721738456,false,Assistant Professor,759,759
760,Ekaterina,Risebrow,erisebrowl3@ocn.ne.jp,8642142119,false,Teacher,760,760
761,Lydia,Pearce,lpearcel4@imdb.com,6856285825,true,Internal Auditor,761,761
762,Margie,Blaza,mblazal5@dmoz.org,8518747655,false,Tax Accountant,762,762
763,Cordula,Scoggins,cscogginsl6@statcounter.com,2017395410,true,Computer Systems Analyst IV,763,763
764,Lauraine,Suttling,lsuttlingl7@nasa.gov,4246007857,false,Editor,764,764
765,Cesare,Downing,cdowningl8@mac.com,4975221132,true,Business Systems Development Analyst,765,765
766,Julie,Cranke,jcrankel9@zdnet.com,1763092492,true,Senior Developer,766,766
767,Kamila,Fealty,kfealtyla@mediafire.com,7926345244,true,Design Engineer,767,767
768,Denny,Sedgemond,dsedgemondlb@cmu.edu,4179876009,false,Chief Design Engineer,768,768
769,Marita,Harral,mharrallc@prweb.com,8524379747,true,Account Coordinator,769,769
770,Merle,Hayter,mhayterld@wikipedia.org,8488188461,true,Financial Advisor,770,770
771,Zacherie,Sapseed,zsapseedle@mtv.com,4309398333,false,VP Accounting,771,771
772,Culley,Zoane,czoanelf@wufoo.com,9711159920,false,Product Engineer,772,772
773,Alyce,Conti,acontilg@cam.ac.uk,5111244468,false,Operator,773,773
774,Britt,Bourthoumieux,bbourthoumieuxlh@gravatar.com,2716372395,true,Recruiter,774,774
775,Leelah,Skevington,lskevingtonli@ted.com,8041000758,true,Senior Quality Engineer,775,775
776,Johanna,Rothermel,jrothermellj@ameblo.jp,5401501501,false,Nurse,776,776
777,Hollyanne,Spridgen,hspridgenlk@twitter.com,3051851817,true,Biostatistician I,777,777
778,Kaela,Sweetmore,ksweetmorell@sbwire.com,6819280877,false,Programmer Analyst II,778,778
779,Sallie,Stowe,sstowelm@google.cn,3505861080,false,Chief Design Engineer,779,779
780,Lindsey,Gillott,lgillottln@imgur.com,1638998956,true,Speech Pathologist,780,780
781,Dinnie,Drains,ddrainslo@youtu.be,2115006025,true,Senior Editor,781,781
782,Nowell,McKeller,nmckellerlp@twitter.com,9057735706,false,VP Product Management,782,782
783,Darda,Chilton,dchiltonlq@etsy.com,4266711010,false,Marketing Manager,783,783
784,Mari,Winks,mwinkslr@php.net,8042686178,true,Geological Engineer,784,784
785,Winn,Regina,wreginals@seesaa.net,3668549244,true,Human Resources Assistant I,785,785
786,Heinrik,Cornwall,hcornwalllt@hostgator.com,7197069681,true,GIS Technical Architect,786,786
787,Mollee,Clover,mcloverlu@mit.edu,2106237433,false,Research Nurse,787,787
788,Udell,Francombe,ufrancombelv@free.fr,3946216623,true,Structural Analysis Engineer,788,788
789,Celia,Deek,cdeeklw@1688.com,1157203839,false,Senior Editor,789,789
790,Lilly,Plom,lplomlx@tmall.com,6474889801,true,Staff Accountant III,790,790
791,Viole,Schultheiss,vschultheissly@baidu.com,7369073205,true,Pharmacist,791,791
792,Saree,Udale,sudalelz@gizmodo.com,8696729557,true,VP Quality Control,792,792
793,Annmaria,Abbado,aabbadom0@bloglines.com,9373720783,true,Physical Therapy Assistant,793,793
794,Meade,Pizzey,mpizzeym1@youku.com,2562431579,false,Social Worker,794,794
795,Nicholas,Cleaton,ncleatonm2@hp.com,8411779998,true,Help Desk Technician,795,795
796,Paulo,Russel,prusselm3@unc.edu,9713490946,true,Teacher,796,796
797,Vick,Dows,vdowsm4@gnu.org,5956458164,true,Desktop Support Technician,797,797
798,Phoebe,Chaloner,pchalonerm5@technorati.com,2409870166,true,Budget/Accounting Analyst I,798,798
799,Deena,Seeds,dseedsm6@webmd.com,6658639475,false,Research Associate,799,799
800,Dillie,Guild,dguildm7@live.com,3333878439,true,Graphic Designer,800,800
801,Beltran,Peerless,bpeerlessm8@webeden.co.uk,1528154003,false,Web Developer II,801,801
802,Dominga,Bottomer,dbottomerm9@eventbrite.com,5278539841,false,Compensation Analyst,802,802
803,Carolee,Faussett,cfaussettma@yahoo.com,3963537152,false,Assistant Media Planner,803,803
804,Devlin,Bools,dboolsmb@amazon.co.uk,8757159020,true,Internal Auditor,804,804
805,Eugenia,Julyan,ejulyanmc@imdb.com,9408628612,false,Nurse,805,805
806,Farica,Zoane,fzoanemd@hubpages.com,1238631214,false,Financial Analyst,806,806
807,Rosamund,Widdop,rwiddopme@cloudflare.com,5298773328,false,Media Manager IV,807,807
808,Davin,Leggat,dleggatmf@histats.com,1139863317,true,Executive Secretary,808,808
809,Jaynell,Blenkinship,jblenkinshipmg@xing.com,7718208658,true,Senior Financial Analyst,809,809
810,Tanya,Brockhurst,tbrockhurstmh@slashdot.org,5579276564,false,Staff Accountant III,810,810
811,Gasparo,Spinas,gspinasmi@baidu.com,3079969853,false,Senior Developer,811,811
812,Renata,Copello,rcopellomj@cdbaby.com,7084042486,false,Data Coordiator,812,812
813,Clemens,Reimers,creimersmk@ebay.com,2166360827,false,Nurse,813,813
814,Tedra,Claiton,tclaitonml@walmart.com,7165109535,false,Information Systems Manager,814,814
815,Silas,Willgress,swillgressmm@walmart.com,6726443004,true,Research Nurse,815,815
816,Trevor,Dick,tdickmn@ebay.co.uk,9425949328,false,Quality Control Specialist,816,816
817,Robby,D'Antuoni,rdantuonimo@omniture.com,2262938208,true,Automation Specialist III,817,817
818,Drucill,Bourke,dbourkemp@mail.ru,8961854604,false,Teacher,818,818
819,Worden,Malan,wmalanmq@homestead.com,5522729366,true,Database Administrator IV,819,819
820,Demetra,Godlip,dgodlipmr@friendfeed.com,4164009407,true,Staff Accountant I,820,820
821,Ringo,Lapre,rlaprems@smugmug.com,4354997787,false,Engineer IV,821,821
822,Maxie,Backwell,mbackwellmt@blogs.com,8743484590,true,Administrative Officer,822,822
823,Laraine,Beattie,lbeattiemu@over-blog.com,9443542727,false,Internal Auditor,823,823
824,Benita,Jozefczak,bjozefczakmv@people.com.cn,2826409613,false,Dental Hygienist,824,824
825,Rochella,Stoker,rstokermw@spotify.com,8623867512,false,Human Resources Assistant III,825,825
826,Darlleen,Kindleysides,dkindleysidesmx@topsy.com,2964070745,false,VP Product Management,826,826
827,Starlin,Joblin,sjoblinmy@meetup.com,5324211705,false,Registered Nurse,827,827
828,Trey,McEnteggart,tmcenteggartmz@google.co.jp,4201356963,true,Geologist IV,828,828
829,Melania,Collings,mcollingsn0@dell.com,4585424672,false,Environmental Specialist,829,829
830,Brennen,Bavidge,bbavidgen1@redcross.org,2397275895,true,Senior Editor,830,830
831,Nolly,Aggio,naggion2@columbia.edu,5623190934,true,Statistician IV,831,831
832,Matteo,Rothon,mrothonn3@friendfeed.com,2909646246,false,Executive Secretary,832,832
833,Fulton,Simounet,fsimounetn4@woothemes.com,4742521228,false,Product Engineer,833,833
834,Hendrika,Rame,hramen5@sfgate.com,7254316191,true,Assistant Manager,834,834
835,Ddene,Lintott,dlintottn6@github.com,5821008410,true,Administrative Officer,835,835
836,Mace,Idel,mideln7@google.ca,5557624422,true,Electrical Engineer,836,836
837,Sherman,Tamplin,stamplinn8@vistaprint.com,7924991028,true,Programmer Analyst III,837,837
838,Josh,Vass,jvassn9@ucla.edu,9598556938,true,Web Designer II,838,838
839,Kylie,Hooban,khoobanna@moonfruit.com,1797004297,true,Account Coordinator,839,839
840,Aggi,Haglington,ahaglingtonnb@behance.net,6366760558,false,VP Sales,840,840
841,Batholomew,Scarlon,bscarlonnc@scientificamerican.com,1702286041,true,Programmer Analyst II,841,841
842,Petronille,Glendinning,pglendinningnd@examiner.com,5835051076,true,Safety Technician II,842,842
843,Joaquin,Gjerde,jgjerdene@columbia.edu,9574565469,true,Human Resources Assistant I,843,843
844,Wini,Bolliver,wbollivernf@skyrock.com,5612575529,false,Quality Engineer,844,844
845,Janetta,Roseaman,jroseamanng@tuttocitta.it,9959047332,false,Graphic Designer,845,845
846,Salim,Ledwith,sledwithnh@dedecms.com,5913782945,false,Recruiting Manager,846,846
847,Katti,Fawltey,kfawlteyni@4shared.com,3903986091,true,Office Assistant I,847,847
848,Guthrie,Reiling,greilingnj@tmall.com,8879965013,false,Pharmacist,848,848
849,Abbot,Raye,arayenk@sun.com,9554281293,false,Research Associate,849,849
850,Cosimo,Wallbanks,cwallbanksnl@sina.com.cn,7855266681,true,Sales Representative,850,850
851,Beniamino,Tolle,btollenm@pen.io,7931487697,true,Accountant IV,851,851
852,Alene,Zellmer,azellmernn@soundcloud.com,1353945707,false,Dental Hygienist,852,852
853,Effie,Dudney,edudneyno@t.co,1948547985,false,Geologist I,853,853
854,Ginnifer,Bruhn,gbruhnnp@canalblog.com,4413867427,false,VP Accounting,854,854
855,Mickey,Creagh,mcreaghnq@yale.edu,5779013045,false,Research Assistant IV,855,855
856,Gav,Lesly,gleslynr@columbia.edu,8329126407,true,Environmental Specialist,856,856
857,Abagael,Ainslie,aainsliens@pinterest.com,3075885034,true,Senior Quality Engineer,857,857
858,Sterling,Blincowe,sblincowent@booking.com,3597690704,false,Nuclear Power Engineer,858,858
859,Nikita,Collcott,ncollcottnu@tiny.cc,7073404050,true,Pharmacist,859,859
860,Fleming,Derobert,fderobertnv@google.pl,9718770958,false,Librarian,860,860
861,Wilmette,Chapman,wchapmannw@storify.com,6389867900,true,Senior Financial Analyst,861,861
862,Corene,Cove,ccovenx@latimes.com,2287942414,true,Speech Pathologist,862,862
863,Marilee,Cayzer,mcayzerny@sitemeter.com,8149850754,true,Associate Professor,863,863
864,Sammy,Zannotti,szannottinz@bandcamp.com,8295432096,true,Teacher,864,864
865,Evangelia,Austin,eaustino0@mit.edu,1859398875,false,Electrical Engineer,865,865
866,Jasen,Vaux,jvauxo1@boston.com,7253924442,false,Recruiter,866,866
867,Mollee,Jeacop,mjeacopo2@tinyurl.com,8457981072,true,Chemical Engineer,867,867
868,Monty,Rubie,mrubieo3@amazonaws.com,4433892965,false,General Manager,868,868
869,Cherry,Hardey,chardeyo4@wsj.com,8089072301,false,Geologist I,869,869
870,Ludovico,Ginman,lginmano5@whitehouse.gov,6831459922,true,Senior Financial Analyst,870,870
871,Charis,Collihole,ccolliholeo6@blogtalkradio.com,7725050822,false,Senior Sales Associate,871,871
872,Stu,Pettengell,spettengello7@tmall.com,8734314330,false,Marketing Assistant,872,872
873,Estrella,de Savery,edesaveryo8@cnbc.com,1475985285,true,Social Worker,873,873
874,Maynard,Ravilus,mraviluso9@blog.com,9918802044,false,Administrative Assistant I,874,874
875,Eloise,Sautter,esautteroa@google.de,9388453325,true,Programmer Analyst IV,875,875
876,Ginnie,Kleinstern,gkleinsternob@time.com,3682976873,true,Assistant Media Planner,876,876
877,Brenda,Willcott,bwillcottoc@sakura.ne.jp,9439209220,true,Physical Therapy Assistant,877,877
878,Etty,Rocca,eroccaod@moonfruit.com,6988114503,true,Environmental Tech,878,878
879,Edvard,Jenson,ejensonoe@phoca.cz,4663355837,true,Clinical Specialist,879,879
880,Olag,Westoll,owestollof@weebly.com,2638045917,false,Administrative Officer,880,880
881,Woody,Trenholm,wtrenholmog@mit.edu,7789595128,true,Business Systems Development Analyst,881,881
882,Joleen,Biscomb,jbiscomboh@bbb.org,1612035245,false,VP Marketing,882,882
883,Jess,Sisnett,jsisnettoi@github.com,4175122305,false,Programmer II,883,883
884,Aldridge,Lembrick,alembrickoj@ning.com,6274083104,false,Recruiter,884,884
885,Mina,Aickin,maickinok@printfriendly.com,9066084487,false,Engineer III,885,885
886,Ingelbert,Yurenev,iyurenevol@delicious.com,4201884729,true,Librarian,886,886
887,Kaylil,Scheffler,kschefflerom@smh.com.au,7018435565,false,Web Designer IV,887,887
888,Joe,Holston,jholstonon@bing.com,9657970838,false,Structural Engineer,888,888
889,Fax,Royce,froyceoo@livejournal.com,2011325194,true,Assistant Media Planner,889,889
890,Artus,Boutflour,aboutflourop@addtoany.com,6923466869,false,GIS Technical Architect,890,890
891,Abelard,Milton,amiltonoq@walmart.com,5204817551,true,Payment Adjustment Coordinator,891,891
892,Major,Debenham,mdebenhamor@imdb.com,1241928889,false,Marketing Manager,892,892
893,Borg,Nolin,bnolinos@bbb.org,8838502589,true,Tax Accountant,893,893
894,Melantha,Beckles,mbecklesot@amazon.de,4558117628,true,Community Outreach Specialist,894,894
895,Neddy,Bollands,nbollandsou@berkeley.edu,6855630730,false,Media Manager II,895,895
896,Obidiah,Waylen,owaylenov@paypal.com,3782401800,true,Product Engineer,896,896
897,Ford,Mogford,fmogfordow@cmu.edu,5103025818,true,Assistant Manager,897,897
898,Lura,Bisco,lbiscoox@reverbnation.com,7265923518,false,Assistant Media Planner,898,898
899,Dilly,Martinolli,dmartinollioy@dell.com,9235948194,true,Assistant Professor,899,899
900,Alie,Croot,acrootoz@mozilla.com,7307594278,false,Senior Editor,900,900
901,Elia,Dionisetto,edionisettop0@archive.org,5094777280,false,Chief Design Engineer,901,901
902,Gail,Vennings,gvenningsp1@themeforest.net,2606524064,false,Help Desk Operator,902,902
903,Emyle,Lidington,elidingtonp2@amazon.co.jp,6259789603,false,Sales Associate,903,903
904,Beatrix,Fantone,bfantonep3@mapquest.com,7039855470,true,Paralegal,904,904
905,Margaretha,D'Ugo,mdugop4@earthlink.net,2393717245,true,Pharmacist,905,905
906,Beret,Richardt,brichardtp5@lulu.com,8306603663,false,Research Nurse,906,906
907,Marshall,O'Noland,monolandp6@vimeo.com,2435068537,true,Media Manager I,907,907
908,Thaine,Ayres,tayresp7@howstuffworks.com,4546151094,true,Geological Engineer,908,908
909,Nalani,Codlin,ncodlinp8@unesco.org,3765429876,true,Executive Secretary,909,909
910,Enrica,Anmore,eanmorep9@bandcamp.com,4823059110,false,Graphic Designer,910,910
911,Jerrie,Judkin,jjudkinpa@nih.gov,8236590160,true,Chief Design Engineer,911,911
912,Dacia,Berdale,dberdalepb@slate.com,9546233663,false,Chemical Engineer,912,912
913,Thorny,Shakeshaft,tshakeshaftpc@loc.gov,2094926686,true,Sales Representative,913,913
914,Alan,Fitzpayn,afitzpaynpd@sbwire.com,2584533779,false,Pharmacist,914,914
915,Tann,Reide,treidepe@mashable.com,4964291305,true,Structural Analysis Engineer,915,915
916,Constantin,Goodinson,cgoodinsonpf@bbc.co.uk,1082166303,true,Marketing Assistant,916,916
917,Blondelle,Franscioni,bfranscionipg@acquirethisname.com,8671068532,true,Structural Engineer,917,917
918,Geralda,Strickler,gstricklerph@nsw.gov.au,6104685132,true,Dental Hygienist,918,918
919,Algernon,Boden,abodenpi@wordpress.com,2993719453,false,Human Resources Assistant II,919,919
920,Eddie,Mordy,emordypj@ucoz.ru,9535010641,false,GIS Technical Architect,920,920
921,Martainn,Chritchley,mchritchleypk@reuters.com,4577966391,true,Registered Nurse,921,921
922,Trix,Mabbs,tmabbspl@issuu.com,1964721210,false,Research Associate,922,922
923,Kori,Davidzon,kdavidzonpm@disqus.com,1522840706,false,Librarian,923,923
924,Tremain,Quillinane,tquillinanepn@photobucket.com,9848409757,false,Assistant Professor,924,924
925,Lemmy,Dyson,ldysonpo@sakura.ne.jp,1415248963,true,Senior Financial Analyst,925,925
926,Gilberte,Rylstone,grylstonepp@nih.gov,8025007838,true,Staff Scientist,926,926
927,Adelle,Makepeace,amakepeacepq@dell.com,2346005587,false,Analog Circuit Design manager,927,927
928,Nicolea,Alleway,nallewaypr@house.gov,1941272935,false,Programmer Analyst IV,928,928
929,Fredericka,Nehls,fnehlsps@reference.com,1822048072,true,Environmental Specialist,929,929
930,Libby,Griffith,lgriffithpt@cpanel.net,7435941569,true,Programmer IV,930,930
931,Gordon,Osboldstone,gosboldstonepu@oracle.com,6252198649,false,GIS Technical Architect,931,931
932,Babara,Such,bsuchpv@spiegel.de,2062496610,true,Geological Engineer,932,932
933,Carolynn,Naptine,cnaptinepw@msu.edu,1193888039,false,Technical Writer,933,933
934,Nial,Diprose,ndiprosepx@tiny.cc,2004525409,false,Business Systems Development Analyst,934,934
935,Kendre,Queree,kquereepy@noaa.gov,5907270114,true,Recruiting Manager,935,935
936,Allie,Favel,afavelpz@360.cn,1892969150,false,Programmer III,936,936
937,Cinda,L'argent,clargentq0@indiatimes.com,1701090169,false,Environmental Tech,937,937
938,Milt,Shilton,mshiltonq1@amazon.de,3373237014,false,Assistant Manager,938,938
939,Gigi,Teek,gteekq2@seesaa.net,7686620017,true,Senior Quality Engineer,939,939
940,Camellia,Turney,cturneyq3@free.fr,9576508471,false,Software Consultant,940,940
941,Dyan,Inkles,dinklesq4@slideshare.net,4886766080,false,Internal Auditor,941,941
942,Ag,Larmor,alarmorq5@bloglines.com,9532176743,false,Librarian,942,942
943,Cob,Carding,ccardingq6@wisc.edu,8548516317,true,Director of Sales,943,943
944,Jessa,Ellsworthe,jellswortheq7@hao123.com,8321077828,true,Help Desk Technician,944,944
945,Dorotea,Andres,dandresq8@uiuc.edu,1523061670,false,Analyst Programmer,945,945
946,Raina,Gradley,rgradleyq9@mit.edu,3004778761,true,Accountant I,946,946
947,Edik,Goldes,egoldesqa@washington.edu,9918097970,false,Speech Pathologist,947,947
948,Kala,Cairns,kcairnsqb@illinois.edu,7173213565,true,Biostatistician IV,948,948
949,Demetria,Hintzer,dhintzerqc@joomla.org,3411525976,false,Registered Nurse,949,949
950,Joshia,Saltwell,jsaltwellqd@wisc.edu,1694650478,false,Software Consultant,950,950
951,Brear,Quant,bquantqe@pbs.org,6341910348,false,Electrical Engineer,951,951
952,Rayna,Birtwhistle,rbirtwhistleqf@goo.gl,1542380257,true,Assistant Manager,952,952
953,Noak,Creaser,ncreaserqg@addtoany.com,6247255589,false,Cost Accountant,953,953
954,Lynna,Durrant,ldurrantqh@uiuc.edu,1451457436,false,GIS Technical Architect,954,954
955,Duff,Consterdine,dconsterdineqi@columbia.edu,8706852446,true,Administrative Assistant II,955,955
956,Roselin,Anscombe,ranscombeqj@wufoo.com,4933012208,true,Financial Advisor,956,956
957,Son,Cereceres,scereceresqk@php.net,6489729202,true,Analyst Programmer,957,957
958,Calida,Tremlett,ctremlettql@altervista.org,1702938934,true,Assistant Media Planner,958,958
959,Tabby,Snodden,tsnoddenqm@pinterest.com,8612691950,true,Human Resources Assistant IV,959,959
960,Emelina,Patington,epatingtonqn@acquirethisname.com,5778201428,true,Editor,960,960
961,Neel,Kearle,nkearleqo@msu.edu,5404497669,true,Biostatistician II,961,961
962,Lorine,Isac,lisacqp@shutterfly.com,3702832807,true,Developer II,962,962
963,Amalee,Diviny,adivinyqq@hatena.ne.jp,9196667370,false,Senior Financial Analyst,963,963
964,Sigismund,McNirlan,smcnirlanqr@about.me,4131475824,true,Librarian,964,964
965,Benetta,Leiden,bleidenqs@google.it,5126040459,true,Electrical Engineer,965,965
966,Hermann,Bratton,hbrattonqt@ovh.net,2592811858,true,Computer Systems Analyst I,966,966
967,Austin,Clamp,aclampqu@about.com,5327294100,true,Environmental Specialist,967,967
968,Noelyn,Gawkes,ngawkesqv@hexun.com,9393987482,false,Senior Developer,968,968
969,Randy,Amy,ramyqw@delicious.com,2796263001,false,Desktop Support Technician,969,969
970,Raynell,Merwood,rmerwoodqx@dmoz.org,7494169793,false,Project Manager,970,970
971,Myrtice,Cromwell,mcromwellqy@va.gov,5255396116,false,Social Worker,971,971
972,Gabbie,Plowes,gplowesqz@biglobe.ne.jp,8986356833,true,General Manager,972,972
973,Ashleigh,Richardes,arichardesr0@toplist.cz,2176419113,false,Payment Adjustment Coordinator,973,973
974,Eddi,Colton,ecoltonr1@plala.or.jp,8553125849,false,VP Sales,974,974
975,Lottie,Aldred,laldredr2@hc360.com,9991995745,true,VP Accounting,975,975
976,Phedra,McConigal,pmcconigalr3@umn.edu,8144816123,false,Budget/Accounting Analyst III,976,976
977,Wren,Vasyutkin,wvasyutkinr4@hp.com,1152900675,false,Health Coach II,977,977
978,Goldia,Boys,gboysr5@sakura.ne.jp,7701154324,true,Recruiter,978,978
979,Helaine,La Vigne,hlavigner6@huffingtonpost.com,8864257440,false,Associate Professor,979,979
980,Eleonora,Hayer,ehayerr7@issuu.com,9138911490,false,Nuclear Power Engineer,980,980
981,Rafaelia,Hearty,rheartyr8@nyu.edu,2869105496,true,Administrative Officer,981,981
982,Pincus,Bullan,pbullanr9@hp.com,2822276228,false,Help Desk Technician,982,982
983,Giff,Binnell,gbinnellra@nifty.com,2718203784,false,Assistant Professor,983,983
984,Fanny,Allan,fallanrb@com.com,8125801446,false,GIS Technical Architect,984,984
985,Weider,Hawkswell,whawkswellrc@eepurl.com,8566249463,true,Recruiting Manager,985,985
986,Janean,Brayne,jbraynerd@bing.com,6886064825,false,Structural Analysis Engineer,986,986
987,Max,Rickersy,mrickersyre@toplist.cz,8005378618,true,Desktop Support Technician,987,987
988,Rodney,Dreghorn,rdreghornrf@washingtonpost.com,5744673229,false,Accountant IV,988,988
989,Lorrie,Kitley,lkitleyrg@tinypic.com,8892350952,false,Mechanical Systems Engineer,989,989
990,Thia,Ceci,tcecirh@indiatimes.com,8034836220,false,Accountant II,990,990
991,Dahlia,Wolffers,dwolffersri@godaddy.com,8148222226,false,Information Systems Manager,991,991
992,Nolan,Napton,nnaptonrj@accuweather.com,4207845258,true,Payment Adjustment Coordinator,992,992
993,Elly,Beamiss,ebeamissrk@jalbum.net,2741440713,true,Computer Systems Analyst III,993,993
994,Karlen,Dubbin,kdubbinrl@imdb.com,9196307330,false,Senior Financial Analyst,994,994
995,Marilin,Atlee,matleerm@imdb.com,6599990747,false,Nurse,995,995
996,Ora,Colbourn,ocolbournrn@businessinsider.com,4307851537,true,Paralegal,996,996
997,Viki,Jenk,vjenkro@vkontakte.ru,3516926833,true,Research Assistant III,997,997
998,Perle,MacRirie,pmacririerp@techcrunch.com,1739094982,false,Systems Administrator II,998,998
999,Octavius,Goalley,ogoalleyrq@spiegel.de,7938449221,false,Safety Technician II,999,999
1000,Allis,Curmi,acurmirr@tiny.cc,4271090409,false,Research Nurse,1000,1000
