firstName,lastName,phone,address,city,email
Evangelina,Bedinham,7742018312,2 Village Pass,Brejos,ebedinham0@dropbox.com
Benny,Meffin,6543618865,404 Delladonna Parkway,Tovačov,bmeffin1@timesonline.co.uk
Lizette,Grandisson,5755366248,994 Swallow Alley,Kopral,lgrandisson2@mediafire.com
Gradey,Padula,7128709688,1 Dakota Center,Hongling,gpadula3@vk.com
Warden,Dolphin,7807438144,90054 Hollow Ridge Drive,Sabanalarga,wdolphin4@ustream.tv
Rubin,Ghidelli,6126078737,9 Novick Pass,Hasuda,rghidelli5@4shared.com
Jelene,Neumann,1885911102,262 Briar Crest Alley,Moutnice,jneumann6@nps.gov
Janie,Coatham,8997358507,93 Ridge Oak Road,Baiheshan,jcoatham7@adobe.com
Bernette,Stockman,1596938773,71 Milwaukee Lane,Huanuni,bstockman8@yale.edu
Tracy,Klehn,6182337878,32 Express Way,Banjar Budakeling,tklehn9@cam.ac.uk
Georgeanna,Clempton,9671152600,7 Mccormick Park,Hankha,gclemptona@edublogs.org
Brendan,Macconaghy,5757280567,1805 Talmadge Crossing,Santa Cruz das Flores,bmacconaghyb@ted.com
Jock,Smalcombe,1919236772,983 Rigney Way,Pas Pul,jsmalcombec@google.com.au
Chucho,Bielfeldt,4272702232,33 Michigan Crossing,Ibabang Tayuman,cbielfeldtd@1688.com
Gannie,Shipcott,7531621399,917 Fordem Court,Aḑ Ḑil‘,gshipcotte@sohu.com
Rennie,Blunsom,2413095474,33832 Ridgeway Way,Permas,rblunsomf@answers.com
Katharyn,Celand,7418944557,5 Cambridge Pass,Olsztyn,kcelandg@histats.com
Benjy,Brambill,8009772977,1 Service Junction,Uwa,bbrambillh@nifty.com
Kass,Cornelisse,6902660746,43027 Monument Junction,Viale,kcornelissei@so-net.ne.jp
Lacy,Yakunchikov,9323362125,9 Veith Alley,Talakag,lyakunchikovj@dion.ne.jp
Marlena,Cramphorn,6426924006,7 Rieder Pass,Zhonggang,mcramphornk@mail.ru
Alberta,Schistl,4469502970,00 Daystar Alley,Santa Rosa,aschistll@senate.gov
Donnamarie,MacGorrie,7419994748,92 Dottie Alley,Bedalewun,dmacgorriem@123-reg.co.uk
Jonathon,Beeden,2536848925,9392 Eastlawn Court,Bilüü,jbeedenn@pbs.org
Dulcinea,Jorissen,3025060066,6696 International Pass,Anding,djorisseno@squarespace.com
Joscelin,Every,5752653389,93745 Briar Crest Pass,Krasna,jeveryp@posterous.com
Rodie,Tate,6458097722,2 Claremont Point,Illkirch-Graffenstaden,rtateq@chronoengine.com
Vanny,Comar,1915741246,34751 Meadow Vale Park,Jetaral,vcomarr@mediafire.com
Rosamond,Wysome,9378974663,25 Anniversary Center,Krajan Dua Sumbersari,rwysomes@netlog.com
Kelley,Forryan,5904759248,6 Briar Crest Hill,Ōkawara,kforryant@discuz.net
Masha,Gadaud,7576736344,5290 Nova Avenue,Mersa Matruh,mgadaudu@1und1.de
Marget,Lenney,9177786393,251 Sauthoff Court,Sungaipuntik,mlenneyv@si.edu
Walton,Bulloch,4293104230,70996 Summerview Place,Medianeira,wbullochw@home.pl
Keir,Dungee,1484679144,6 Clove Center,Wang Sombun,kdungeex@biglobe.ne.jp
Berrie,Zorzini,2367863973,1789 West Avenue,Jundiaí,bzorziniy@mail.ru
Joelly,Ahlf,8069689774,80 Almo Junction,Chengzhong,jahlfz@tinyurl.com
Hadleigh,Trass,1828963630,2 Jenifer Plaza,Sitampiky,htrass10@ezinearticles.com
Devondra,Bausmann,3644576562,7707 Bellgrove Court,El Ángel,dbausmann11@independent.co.uk
Linus,De Roos,7677599187,46693 Hoard Road,Kurchaloy,lderoos12@who.int
Florenza,O'Concannon,6112141078,908 West Parkway,Safonovo,foconcannon13@wp.com
Rosemary,Bras,9465324576,1 Gerald Street,Yukhnov,rbras14@163.com
Yorke,Setchfield,8887381755,6 Leroy Hill,Timbó,ysetchfield15@ucla.edu
Carry,Zoppo,9655975715,94 Scoville Junction,Srinjine,czoppo16@blog.com
Jerrie,Munn,5218855721,27 Canary Hill,Cergy-Pontoise,jmunn17@nps.gov
Lyda,Trice,6304369639,14564 Cordelia Park,Turrialba,ltrice18@netvibes.com
Quinn,Rainsden,8509807513,0682 Victoria Hill,Hartola,qrainsden19@tumblr.com
Agustin,Zmitrovich,8068540864,596 Roxbury Hill,Qixian,azmitrovich1a@apple.com
Caro,Bifield,2979410176,5 Sycamore Plaza,Satka,cbifield1b@myspace.com
Tierney,Cater,7487330978,63159 Blaine Parkway,Taipinghu,tcater1c@wunderground.com
Wandis,Brewers,7148669810,950 Westport Place,Fullerton,wbrewers1d@flavors.me
Diahann,Woollard,3952680508,4 Drewry Plaza,Jieguanting,dwoollard1e@gmpg.org
Ursuline,Halgarth,2321209263,4 Fremont Road,Shiroishi,uhalgarth1f@nasa.gov
Petey,Janton,6995927311,0 Glendale Park,‘Arīshah,pjanton1g@wordpress.org
Ethelind,Lukacs,2386268387,5 Lunder Way,Iraquara,elukacs1h@boston.com
Amos,Tough,1312785506,6185 Tony Alley,Huancaray,atough1i@biblegateway.com
Izabel,Camber,2673266687,0 Morningstar Street,Ibirataia,icamber1j@ehow.com
Krishna,Eggle,1503904725,61926 Di Loreto Crossing,Labuhan,keggle1k@livejournal.com
Ruthanne,Sushams,1084096316,42476 Crownhardt Street,Toutosa,rsushams1l@soundcloud.com
Marve,Kitchinghan,6352229077,69 Commercial Way,Puyo,mkitchinghan1m@indiegogo.com
Cob,Hopewell,5567104640,9 Evergreen Hill,Bila Krynytsya,chopewell1n@naver.com
Kayla,Deamer,7457478683,7 Fallview Crossing,Polevskoy,kdeamer1o@loc.gov
Briano,Bannerman,2419058072,4 New Castle Junction,Tanjung Kidul,bbannerman1p@hatena.ne.jp
Salvador,MacConnel,4369978031,1 Warner Trail,Pereira Barreto,smacconnel1q@blogspot.com
Chandler,Hatchette,1504198784,06 Manitowish Crossing,Nangewer,chatchette1r@wp.com
Morgan,Eilhart,4934813055,2 Pankratz Center,Gugark’,meilhart1s@multiply.com
Peyter,Guion,1335549323,2544 Lotheville Center,Yanghou,pguion1t@google.pl
Catie,Lunam,2924425523,106 Westport Lane,Ryazan’,clunam1u@google.com
Maynord,Cordrey,4922981226,90322 North Court,Mairinque,mcordrey1v@fotki.com
Shaine,Alastair,5474330399,84 Holmberg Parkway,Góra Kalwaria,salastair1w@narod.ru
Jacquetta,Cobon,5269731394,9611 Crest Line Hill,Hengbanqiao,jcobon1x@unblog.fr
Gussy,Brydone,3627203441,97 Hintze Center,Targanice,gbrydone1y@economist.com
Katey,Gerasch,4939236646,92153 Eastwood Road,Quiches,kgerasch1z@scribd.com
Philippine,Barhims,5132728598,096 Straubel Park,Cincinnati,pbarhims20@google.it
Annis,Bennison,7782883180,64 Summit Avenue,Suodenniemi,abennison21@eepurl.com
Pavla,Exon,2853955377,3174 Toban Street,Albufeira,pexon22@fotki.com
Elden,Harriot,4156003813,043 Longview Alley,Takanosu,eharriot23@weebly.com
Charline,Fowlston,2536523613,1 Butterfield Plaza,Santo Ângelo,cfowlston24@chicagotribune.com
Jillane,Renoden,6891871090,579 Stoughton Road,Taiping,jrenoden25@livejournal.com
Edita,Lound,7975647485,20 Prairieview Avenue,Qingliu,elound26@home.pl
Spencer,Hendrick,2227628562,8 Susan Trail,Serrinha,shendrick27@google.es
Borden,Thorndycraft,3603031500,255 Straubel Hill,Maleevsk,bthorndycraft28@hibu.com
Duncan,Larimer,3333411977,973 Meadow Ridge Point,São João do Campo,dlarimer29@abc.net.au
Novelia,Kyne,4819737771,3 Heffernan Drive,Mazkeret Batya,nkyne2a@apple.com
Nerta,Nunson,3966579341,8 Judy Drive,Mananara,nnunson2b@indiegogo.com
Seana,Bernardino,8972117303,10 Orin Center,Valencia,sbernardino2c@cam.ac.uk
Neill,Willers,9907752471,738 Sugar Plaza,Póvoa de Santo António,nwillers2d@prlog.org
Arel,McKibbin,3666870470,3527 Butterfield Way,Jiangchang,amckibbin2e@stumbleupon.com
Anet,Tustin,4798419442,8745 Kinsman Alley,Lunec,atustin2f@wired.com
Roscoe,Macek,8472725622,981 Northridge Alley,Wulin,rmacek2g@boston.com
Talyah,Pinard,4905558990,19 Anhalt Hill,Hemudu,tpinard2h@oracle.com
Fabio,Skellon,3418775296,0 Crescent Oaks Circle,Geshan,fskellon2i@digg.com
Wilek,Lundberg,7282702130,4 Helena Place,Tarīm,wlundberg2j@youtube.com
Miquela,Handyside,1149624487,52 Westport Crossing,Yŏnan-ŭp,mhandyside2k@jimdo.com
Laurianne,Holt,4884860497,05 Roxbury Circle,Kilinochchi,lholt2l@youtube.com
Etta,Ege,2634098610,80 Hoffman Way,Aricagua,eege2m@gov.uk
Valene,Barton,6615807552,2261 Melody Point,Saint-Denis,vbarton2n@a8.net
Marmaduke,Luca,3876384367,1354 Bluejay Trail,Caucagüito,mluca2o@imdb.com
Prudi,Yegorchenkov,5175363937,10459 Vera Terrace,Canedo,pyegorchenkov2p@purevolume.com
Lilas,Smogur,4103994456,3318 Lotheville Plaza,Baltimore,lsmogur2q@barnesandnoble.com
Mateo,Anthony,4318939553,4999 Summerview Alley,Kostino,manthony2r@senate.gov
Pancho,Sheehan,3135940632,05767 Norway Maple Lane,Gakem,psheehan2s@free.fr
Peyter,Vidgen,9115588635,7 Bashford Road,Bendan,pvidgen2t@cdbaby.com
Bess,Ateridge,6083650210,60 Pankratz Drive,Lianozovo,bateridge2u@furl.net
Tilda,Speechley,9905875529,0 8th Crossing,Drawsko,tspeechley2v@opensource.org
Jeri,Curd,7116350760,4427 Northport Drive,Kolirerek,jcurd2w@soundcloud.com
Sherline,Goodread,5374610040,1 Michigan Place,Modot,sgoodread2x@umn.edu
Joanie,Fluit,3943543789,1567 Novick Circle,Žirovnice,jfluit2y@oakley.com
Pietrek,Kuhn,7877322424,8 Comanche Terrace,Viekšniai,pkuhn2z@tripadvisor.com
Bethina,Sedge,3084824338,83954 Dennis Plaza,Pulo,bsedge30@shop-pro.jp
Anastasia,Johnke,6459055555,09 Golf Parkway,Stockholm,ajohnke31@feedburner.com
Aylmar,Chrishop,6835816024,79077 Monterey Terrace,Jinzao,achrishop32@t-online.de
Zarah,Tilliard,2253069490,394 Carberry Crossing,Shah Alam,ztilliard33@baidu.com
Kurt,Mendonca,6422578035,7 Westridge Way,Uvarovo,kmendonca34@blogtalkradio.com
Roda,Starmer,3428382181,232 Menomonie Center,Zhoutie,rstarmer35@mediafire.com
Alvie,Nevet,8576368412,07184 Elgar Lane,Youghal,anevet36@bloglovin.com
Audrie,Blunt,3317240827,23143 Dawn Hill,Nizhniy Lomov,ablunt37@barnesandnoble.com
Anastasia,Wooff,7577620043,79668 Delaware Lane,Cáceres,awooff38@infoseek.co.jp
Annetta,Jenik,1826587841,970 Crowley Way,Lille,ajenik39@indiatimes.com
Jenni,Jaskiewicz,7027944678,98 Forest Run Road,Istaravshan,jjaskiewicz3a@fotki.com
Hermy,Treen,7116220488,800 Welch Place,Wanquan,htreen3b@comcast.net
Marget,Delle,8088247793,077 Sage Crossing,Lambton Shores,mdelle3c@addthis.com
Mattheus,Cumberland,2899982276,025 Pearson Plaza,Biguaçu,mcumberland3d@people.com.cn
Robbie,Reiglar,7003127023,47 Mariners Cove Place,Krumvíř,rreiglar3e@devhub.com
Ardys,Daubney,3403615452,01796 Forest Run Place,Haolaishan,adaubney3f@census.gov
Kalindi,Bente,7434070062,12 Northland Park,Siaya,kbente3g@ovh.net
Bibbye,Mathie,2118209677,22 Thompson Crossing,Santa Cruz,bmathie3h@cdc.gov
Rahal,Monteaux,5041419111,2 Bay Road,Béreldange,rmonteaux3i@paginegialle.it
Randolf,Gellett,6967914873,91 Kensington Pass,Saraburi,rgellett3j@myspace.com
Remy,Stirrup,2913866011,57 Mifflin Road,Sho’rchi,rstirrup3k@ucoz.ru
Marianne,Brickstock,5851358105,8260 Manley Junction,Rochester,mbrickstock3l@themeforest.net
Elly,Claessens,3779153994,90450 Bellgrove Parkway,Pumai,eclaessens3m@ehow.com
Marcella,Vowels,7871954363,2867 Pearson Place,Tōno,mvowels3n@ucsd.edu
Tammie,Lindholm,9278386716,5 Village Green Trail,Idrija,tlindholm3o@typepad.com
Cyrillus,Seckington,9021094081,5469 Gerald Drive,Itaguaçu,cseckington3p@networksolutions.com
Pearline,Dunican,9016215155,58744 Mccormick Parkway,Francisco Villa,pdunican3q@tumblr.com
Brittney,Piborn,6332916665,07017 Thackeray Crossing,Alvaiázere,bpiborn3r@google.com.au
Odey,MacGrath,1946431693,6 East Crossing,Căuşeni,omacgrath3s@sbwire.com
Janessa,Sturror,2384591460,925 Moulton Place,Blois,jsturror3t@google.nl
Conny,Haistwell,7839593229,841 Bonner Court,Quxi,chaistwell3u@about.me
Friedrick,Surpliss,1055591427,66887 Mariners Cove Parkway,Cibiru,fsurpliss3v@jalbum.net
Eddy,Le Barr,8087536322,543 Roxbury Way,Honolulu,elebarr3w@weibo.com
Betty,Struys,2903019097,096 Dottie Pass,Longhua,bstruys3x@mashable.com
Lavena,Spat,2585040800,64003 Rutledge Lane,Taiyu,lspat3y@ftc.gov
Denis,Reaney,5727766983,8 Ludington Place,Bīrganj,dreaney3z@rakuten.co.jp
Desmund,Devall,6291109847,76 Arkansas Court,Kaduranca,ddevall40@github.io
Elset,Le Brum,7612201069,44 Meadow Vale Way,Wałcz,elebrum41@mayoclinic.com
Eartha,Escudier,4177678353,21851 New Castle Drive,Nové Město pod Smrkem,eescudier42@fotki.com
Courtney,Muckeen,6846302764,57720 Bunker Hill Street,Lipin Bor,cmuckeen43@ted.com
Milty,Hodgen,1036083145,6636 Canary Court,Amagarapati,mhodgen44@ask.com
Barclay,Laxston,1676674518,6 Boyd Lane,Tullinge,blaxston45@statcounter.com
Agna,Brabin,5431079914,23 Dexter Court,Jammāl,abrabin46@wired.com
Remington,MacAllister,1853399497,8193 Welch Center,Pegongan,rmacallister47@nytimes.com
Emmey,McBeath,8168741201,83961 Golf Place,Shawnee Mission,emcbeath48@dagondesign.com
Vincenz,Enterlein,1885244358,9807 South Hill,Pedreira,venterlein49@domainmarket.com
Tabina,Angrave,9811867647,984 Lyons Court,Cuilco,tangrave4a@narod.ru
Lindsy,Leap,8049790566,8 Packers Plaza,Charlotte Amalie,lleap4b@youtube.com
Laurel,Paulus,6765264312,7523 Stang Center,Aytos,lpaulus4c@sogou.com
Jeno,Huckstepp,9587500989,8 Namekagon Avenue,Wodzierady,jhuckstepp4d@geocities.jp
Emma,Scorah,2382151755,91 Moland Avenue,Nancheng,escorah4e@theglobeandmail.com
Franny,Jockle,2982634033,19 Holy Cross Drive,Liqizhuang,fjockle4f@surveymonkey.com
Janina,Eatock,9164661681,3869 Rigney Park,Tendō,jeatock4g@businessweek.com
Hesther,Jermey,2265261362,05308 Marcy Trail,Lolodorf,hjermey4h@vistaprint.com
Layla,Rushford,4945094613,5 La Follette Hill,Sanxi,lrushford4i@nydailynews.com
Gates,Fredi,3821879033,194 Lillian Pass,Kengkou,gfredi4j@simplemachines.org
Guenevere,Olivetta,1935644283,9 Steensland Alley,Khasht’arrak,golivetta4k@ameblo.jp
Nathalia,Labin,2453646984,6 Scott Parkway,Ekibastuz,nlabin4l@mapy.cz
Kerianne,Brandi,8326170187,04 Sheridan Court,Inanwatan,kbrandi4m@economist.com
Graig,Shefton,5768231694,8 Longview Parkway,Menlou’ao,gshefton4n@prlog.org
Babbie,Winks,5711209555,6052 Troy Center,Richmond,bwinks4o@taobao.com
Sybil,Cato,8022801799,9 Dovetail Court,Banjar Cemenggon,scato4p@google.com
King,Du Plantier,6093606380,3095 Grim Place,Gongjiahe,kduplantier4q@wordpress.org
Sherwood,Henrion,9229547716,71852 John Wall Pass,Ishkhoy-Yurt,shenrion4r@trellian.com
Eryn,Haggie,6758216575,29015 Lunder Pass,Sémbé,ehaggie4s@marketwatch.com
Olive,Shivell,9216074314,79 Sachs Street,San Pablo,oshivell4t@mlb.com
Shae,Wrate,6388112935,88285 Calypso Crossing,Dingshan,swrate4u@umn.edu
Marie,Blesdill,3315962360,010 Drewry Way,Widorokandang,mblesdill4v@wix.com
Tris,Orchart,3029107487,42 Anzinger Crossing,Kota Kinabalu,torchart4w@springer.com
Orion,Danko,9679133234,02530 Bluejay Way,Nancun,odanko4x@answers.com
Siobhan,Saywell,5047951251,4141 Little Fleur Center,Khoa,ssaywell4y@dmoz.org
Jacinda,Farrears,2231724764,933 Brickson Park Junction,Taihe,jfarrears4z@ca.gov
Broderick,Sherwin,9906302620,3 Dixon Crossing,Marang,bsherwin50@japanpost.jp
Shanna,Dorracott,4457505387,531 Onsgard Avenue,Marquard,sdorracott51@list-manage.com
Ado,Menlow,4411994715,05 Hanson Alley,Matmata,amenlow52@auda.org.au
Evangelin,Laphorn,9177265134,26 Lakewood Place,Khodzhi-Gasan,elaphorn53@rediff.com
Barb,Orteu,6649935673,04913 Dixon Street,Tiandiba,borteu54@123-reg.co.uk
Emmy,Pyle,8787541827,16 Mifflin Crossing,Las Flores,epyle55@loc.gov
Shari,Schollar,5235332450,520 Hudson Trail,Rumburk,sschollar56@rediff.com
Spence,Fidian,4549621163,3344 New Castle Circle,Kyzyl,sfidian57@domainmarket.com
Monica,Iacovucci,2253892205,9253 Katie Place,Liaonan,miacovucci58@plala.or.jp
Pierce,Poynter,9879088523,38736 Waxwing Avenue,San Marcos,ppoynter59@census.gov
Jennie,Trevithick,7863183418,92385 Marcy Trail,Amnat Charoen,jtrevithick5a@photobucket.com
Peyter,Mosby,5224686841,30 Lawn Junction,Bijeli,pmosby5b@360.cn
Pearla,Shobrook,5614147581,0497 Oak Parkway,El Progreso,pshobrook5c@redcross.org
Tamra,Brinded,6239850150,37 Dorton Point,Pimenta Bueno,tbrinded5d@mashable.com
Maximilianus,Devote,2655127733,28803 Colorado Avenue,Karangtawar,mdevote5e@eepurl.com
Ferdie,Anger,9236664597,64 Stone Corner Terrace,Moro,fanger5f@bloomberg.com
Sibbie,Paolone,6967043212,6334 Havey Hill,Yunyang,spaolone5g@oracle.com
Thaine,Beddin,4786295470,03 Kim Plaza,São Pedro,tbeddin5h@de.vu
Amandie,Herity,2807814813,42 Pleasure Avenue,Sarulla,aherity5i@youtu.be
Nedi,Lackington,9719750798,18044 Miller Pass,El Socorro,nlackington5j@chron.com
Babita,Douch,1353404293,1 Stephen Pass,São Miguel de Machede,bdouch5k@miibeian.gov.cn
Fidelia,Braferton,8339079476,916 Melody Park,Oro Timur,fbraferton5l@joomla.org
Stephan,O'Gavin,2278700384,8 Kenwood Point,Liudaogou,sogavin5m@mac.com
Stan,Swann,8386580124,7 Amoth Terrace,Xiekou,sswann5n@usa.gov
Briano,Horsell,6766936683,80 Knutson Pass,Skulsk,bhorsell5o@abc.net.au
Gloriane,Snelman,1263470291,50 Crescent Oaks Terrace,Dasiping,gsnelman5p@japanpost.jp
Cristiano,de Verson,3484927610,5 Bartillon Parkway,Chirpan,cdeverson5q@java.com
Cyrus,Palatino,7066084272,5343 Ronald Regan Point,Årsta,cpalatino5r@npr.org
Barty,Fere,5374522325,61 Dottie Terrace,Laojiangjunjie,bfere5s@elpais.com
Chicky,O'Dare,4602780562,05240 Dovetail Hill,Rio Largo,codare5t@yahoo.co.jp
Lilia,McSparran,8542272784,23 La Follette Lane,Banff,lmcsparran5u@home.pl
Mariquilla,Tocher,9603797309,33202 Cardinal Court,Nigel,mtocher5v@mac.com
Josee,Barwood,9578469180,6 Dunning Point,Kulunda,jbarwood5w@joomla.org
Natty,Ratnege,7454985788,396 Sommers Alley,Nyköping,nratnege5x@joomla.org
Vernice,Cicconetti,3473281374,03 Manley Trail,Manolás,vcicconetti5y@marketwatch.com
Javier,Cobbing,6356841851,5063 Jenifer Plaza,Santa Catalina Norte,jcobbing5z@smugmug.com
Iver,Tubble,1159860684,6 Sunfield Center,Leśnica,itubble60@webnode.com
Flori,Eastes,7436866396,31 Walton Way,Kanashevo,feastes61@bbc.co.uk
Evita,Buxcey,4462817670,59 Darwin Trail,Biru,ebuxcey62@list-manage.com
Barbie,Dirkin,5912488202,8 Mesta Center,Al Funayţīs,bdirkin63@cisco.com
Margareta,Francom,1869767266,286 Montana Place,Mandalt,mfrancom64@imageshack.us
Blanche,Adney,5818485962,10168 Elka Junction,Sirindhorn,badney65@360.cn
Cesaro,Thrussell,3193402781,51556 Bluestem Alley,Jiaozuo,cthrussell66@51.la
Kasey,Pirt,7442263862,82727 Longview Park,Shilong,kpirt67@cafepress.com
Marley,Gillinghams,4079929733,5 Elka Crossing,Kissimmee,mgillinghams68@webeden.co.uk
Boote,Essel,3752975862,9426 Tennyson Alley,Olyka,bessel69@google.co.jp
Astra,Kaygill,3485368677,79669 Stoughton Junction,Pore,akaygill6a@youtube.com
Peter,Sanson,9349580166,17 John Wall Hill,Guayabal,psanson6b@apache.org
Cart,Gritskov,2095930995,84783 Victoria Junction,Phu Sang,cgritskov6c@plala.or.jp
Cordy,Devil,7825052366,403 Main Circle,Haokou,cdevil6d@wikispaces.com
Hyacintha,McMoyer,3599531876,235 Sugar Crossing,Tanūmah,hmcmoyer6e@google.cn
Ashleigh,Quarless,9283164427,31 Katie Avenue,Almolonga,aquarless6f@prlog.org
Wait,Quest,4669583604,77174 Schurz Plaza,Yongchang,wquest6g@livejournal.com
Gwenneth,Macieja,8674617196,8 Del Mar Trail,Perechyn,gmacieja6h@canalblog.com
Frederick,Medeway,6685243903,2 Farmco Pass,Jinjia,fmedeway6i@photobucket.com
Robinet,Croan,1554410930,61 Onsgard Parkway,Haicheng,rcroan6j@wix.com
Kip,Lacase,7765472028,69 Forest Drive,Tallbīsah,klacase6k@purevolume.com
Jarrett,Effaunt,5423853185,2365 Jackson Center,Oliveira,jeffaunt6l@nifty.com
Lusa,Gurry,9722734108,815 Dorton Point,Vitória do Mearim,lgurry6m@apache.org
Fredi,Forber,4094957592,411 Scoville Junction,Staryy Krym,fforber6n@cdc.gov
Jessika,Coston,6123388104,5160 Prairie Rose Drive,Wilga,jcoston6o@mail.ru
Sandor,Sickling,8854929694,093 Ohio Court,Černožice,ssickling6p@desdev.cn
Jan,Airy,8397097451,006 Green Lane,Bordeaux,jairy6q@smh.com.au
Paquito,Morando,3405519247,2053 Del Sol Circle,Chengzhong,pmorando6r@miitbeian.gov.cn
Muffin,Gooddie,8581151510,0 Macpherson Pass,Taurija,mgooddie6s@pbs.org
Faythe,Bettis,9701569683,98954 Garrison Alley,Bungbulang,fbettis6t@bbb.org
Jillane,Beazley,9866669874,6 Crescent Oaks Plaza,Nanmuping,jbeazley6u@mashable.com
Hannah,Lattie,8036844471,54 Main Place,Wingham,hlattie6v@ow.ly
Merrile,Peepall,6531224319,6022 Anzinger Avenue,Semikarakorsk,mpeepall6w@wikipedia.org
Pearla,Plante,4595858566,648 Eagan Alley,Chorotis,pplante6x@yahoo.co.jp
Lyndy,Brasher,5301030862,7 Corry Court,Rechka,lbrasher6y@state.gov
Mallory,McClintock,3785191129,5 Anderson Parkway,Napier,mmcclintock6z@berkeley.edu
Shandie,Muncey,1521518269,037 Upham Plaza,Nailong,smuncey70@narod.ru
Tildi,Marchiso,3607565883,627 Green Ridge Plaza,Osielec,tmarchiso71@merriam-webster.com
Fern,Cunniam,5009814193,9 Fieldstone Alley,Quxia,fcunniam72@usa.gov
Garret,Charnock,7151927129,4 Swallow Parkway,Rosario,gcharnock73@tinypic.com
Danica,Dommerque,4965810252,93 Sycamore Lane,Besole,ddommerque74@reuters.com
Mignon,Blackledge,4947284570,88 Coleman Street,Dengfang,mblackledge75@bloglines.com
Sasha,Tidbold,2692488150,517 Eagle Crest Junction,Rashaant,stidbold76@youtube.com
Jaclin,Lagde,9709276269,6810 Sunbrook Avenue,Mayhan,jlagde77@miitbeian.gov.cn
Tobi,De Beneditti,4234485255,14 Mitchell Park,Mandera,tdebeneditti78@nasa.gov
Rebeca,Santostefano.,8178836371,2 Morning Street,Mucurapo,rsantostefano79@delicious.com
Xavier,Dyne,8348953322,1615 Declaration Park,Shuangchahe,xdyne7a@youku.com
Elias,Shields,7287225580,2087 Cottonwood Crossing,Liushutun,eshields7b@sciencedirect.com
Ree,Wace,4615394945,77 Sundown Center,Gniezno,rwace7c@tuttocitta.it
Nadia,Roomes,3792086885,2085 Kipling Road,Visby,nroomes7d@msu.edu
Nikolos,Casotti,9238340674,60782 Loftsgordon Pass,Pojok,ncasotti7e@vk.com
Kristos,Marquiss,6259084777,68 Buell Terrace,Herrljunga,kmarquiss7f@mayoclinic.com
Dougie,Turmall,9229882373,8892 Heffernan Avenue,Pital,dturmall7g@spotify.com
Harv,Craghead,6317551901,26355 La Follette Court,Princeville,hcraghead7h@clickbank.net
Jean,Carcas,5142782494,6947 Shoshone Point,Ksour Essaf,jcarcas7i@wired.com
Morly,Esser,9093441200,4211 Pond Court,Correia Pinto,messer7j@yellowpages.com
Doralynne,Topaz,9741100326,929 Buell Junction,Viga,dtopaz7k@themeforest.net
Waldon,Pyrke,1936557345,80 Rowland Parkway,Joaquín V. González,wpyrke7l@scribd.com
Helenelizabeth,Mariette,5929919889,6 Gale Way,Huangdu,hmariette7m@yahoo.co.jp
Wernher,Stathor,5523230509,98 Continental Lane,Aimin,wstathor7n@independent.co.uk
Fabio,Smitherham,6414141459,40 Novick Junction,Zhangzhishan,fsmitherham7o@ycombinator.com
Aindrea,Darcey,9158679040,0469 Scofield Avenue,Nuing,adarcey7p@bbb.org
Skipton,Kovnot,8058942172,015 Menomonie Terrace,Nishi-Tokyo-shi,skovnot7q@phpbb.com
Alissa,Litton,2178479299,601 Morning Avenue,Agía Varvára,alitton7r@blog.com
Dill,Louch,1647631925,73 Stone Corner Way,Thị Trấn Hùng Quốc,dlouch7s@gravatar.com
Aindrea,Sainz,6132983533,07570 Memorial Court,Tuopu,asainz7t@sun.com
Marlyn,Kitcat,5974957490,115 Merry Parkway,Huaqiao,mkitcat7u@altervista.org
Mariquilla,Grishin,3839286276,118 Mandrake Court,Tonggoh,mgrishin7v@moonfruit.com
Hyacinth,Woodberry,8374513729,55848 Butterfield Court,Purwokerto,hwoodberry7w@shutterfly.com
Byron,Wakeman,2592410888,49 Namekagon Way,Nouvelle France,bwakeman7x@hugedomains.com
Wendel,Edson,3543809283,0063 Sugar Place,Smolenskoye,wedson7y@marriott.com
Ainslee,Standidge,3988932428,059 Hallows Crossing,Changfeng,astandidge7z@slideshare.net
Burch,Birkmyre,2916370859,046 Fremont Street,Mollas,bbirkmyre80@wordpress.com
Carine,Ricioppo,6381540014,0 Schiller Crossing,Cuihuangkou,cricioppo81@diigo.com
Romona,Gadesby,5417013448,2123 Messerschmidt Parkway,El Puerto,rgadesby82@webs.com
Dyna,Olivier,5333261938,24646 Oak Valley Hill,Girang,dolivier83@live.com
Rab,Jillions,5486058827,0258 Valley Edge Lane,Grenoble,rjillions84@theguardian.com
Dorian,Garbett,1696278942,16 Cascade Terrace,Pruszcz,dgarbett85@sourceforge.net
Goran,Strother,5169281104,759 Bobwhite Lane,Kazanskaya,gstrother86@imdb.com
Dorothee,Fahy,1533566165,003 Manitowish Hill,Caijiang,dfahy87@comcast.net
Hervey,Splain,5758982651,7 6th Parkway,Fuxing,hsplain88@deliciousdays.com
Rayner,Iacovone,2844245018,54 Burning Wood Parkway,Mâcon,riacovone89@ycombinator.com
Mona,Stedmond,7816971640,6196 Killdeer Point,Pondokrejo Wetan,mstedmond8a@shareasale.com
Valenka,Ovens,7297104389,9 Fairview Alley,Victoria,vovens8b@forbes.com
Luce,Goodnow,5461077589,99 Macpherson Trail,Lipsko,lgoodnow8c@reverbnation.com
Stacy,Janku,6077779753,2726 Village Park,Beisijiazi,sjanku8d@cbsnews.com
Van,Lewendon,4656055444,46089 Forster Crossing,Palestina,vlewendon8e@nasa.gov
Courtenay,Slopier,9975550639,0606 Jenifer Hill,Yinyang,cslopier8f@yelp.com
Humphrey,Wolffers,3326134343,28 Shasta Place,Molteno,hwolffers8g@usgs.gov
Sondra,Wrigglesworth,3525548252,41759 Dixon Parkway,Al Burayqah,swrigglesworth8h@google.es
Blake,Lively,7302967929,34 International Junction,Daejeon,blively8i@nasa.gov
Gwenny,Crammy,6468297975,9778 Scofield Point,Rakvere,gcrammy8j@xrea.com
Mollie,Gatch,5437042799,5328 Iowa Trail,Neofbaun,mgatch8k@sciencedirect.com
Elisabeth,Kettow,2745930485,5954 Merry Drive,Sandviken,ekettow8l@about.me
Horten,Sheirlaw,2698296746,187 Esker Lane,Puerto Plata,hsheirlaw8m@g.co
Travis,Leahey,8655395962,6 Northfield Place,Tabango,tleahey8n@hp.com
Alison,Wellman,1729177723,5 Thackeray Center,Carvalheira,awellman8o@tamu.edu
Noreen,Idenden,9565268190,19356 Calypso Hill,Kiviõli,nidenden8p@google.com.br
Marty,Boerder,6065682493,4814 Forest Run Lane,Wailiang,mboerder8q@is.gd
Humbert,Davidesco,1279580028,93 Autumn Leaf Plaza,Zhongdong,hdavidesco8r@umn.edu
Mandi,Limer,3137833749,71313 Sachs Junction,Hostos,mlimer8s@prlog.org
Darby,Challenor,6707998596,146 Harper Court,Avlónas,dchallenor8t@woothemes.com
Ramona,Halahan,8149391319,58 Bartelt Crossing,Lucapa,rhalahan8u@themeforest.net
Saidee,Tuffrey,1034038057,5895 Annamark Junction,Xingren,stuffrey8v@sciencedirect.com
Nata,Dudleston,3257000898,5 Coleman Drive,Az Zabadānī,ndudleston8w@state.gov
Mitchel,Hadaway,1117660869,9 Waubesa Pass,Gununglarang,mhadaway8x@tinypic.com
Kiley,Puddefoot,3314388652,5 Anthes Alley,Kamigyō-ku,kpuddefoot8y@lycos.com
Randy,Lowndes,7544287484,9 Aberg Center,Tākestān,rlowndes8z@youku.com
Kalil,Verryan,1635613304,02 Delladonna Trail,Seropédica,kverryan90@prnewswire.com
Estell,Auchinleck,3049053738,19595 Toban Road,Doko,eauchinleck91@wordpress.org
Dominga,Adelsberg,4259383372,4 Summerview Avenue,Tinampo,dadelsberg92@who.int
Woody,Van der Mark,3978938072,234 Dakota Point,San Eugenio,wvandermark93@mail.ru
Madlen,Fitzsimmons,2474651588,55899 Pleasure Road,Andongrejo,mfitzsimmons94@pcworld.com
Colet,Nayshe,5361400774,645 Lindbergh Avenue,Belajen,cnayshe95@tamu.edu
Austin,Cawood,5644381301,099 Caliangt Lane,Ntoum,acawood96@slideshare.net
Tillie,Johanssen,6781772560,171 Birchwood Park,Jiuxi,tjohanssen97@feedburner.com
Nathan,Longea,6959655877,863 Browning Lane,Ciénaga de Oro,nlongea98@rambler.ru
Henry,Cockley,5625336338,506 Goodland Place,San Carlos,hcockley99@tamu.edu
Abe,Felmingham,6028703690,44 Warbler Parkway,Mahaddayweyne,afelmingham9a@amazon.co.jp
Virgina,Hector,5923481203,33796 Melrose Parkway,Cerna,vhector9b@hhs.gov
Burlie,Danell,1667280371,64095 Vahlen Place,Carmo do Paranaíba,bdanell9c@php.net
Yancy,Colaton,6572700714,417 Gina Alley,Judaydah,ycolaton9d@cnet.com
Fredia,Anfossi,3016118665,92 Nobel Street,Otun,fanfossi9e@hibu.com
Judy,Mozzi,5291070050,12 Lien Circle,Bantar,jmozzi9f@lycos.com
Hedda,Westrope,7866418851,72290 Jay Trail,Zhenjiang,hwestrope9g@technorati.com
Riley,Killiner,3714876324,9283 Packers Plaza,Palhoça,rkilliner9h@businessweek.com
Dari,Tattoo,4432266159,792 Anderson Junction,Pécs,dtattoo9i@rediff.com
Eugen,Durram,1702952860,54461 Bashford Point,Jayyūs,edurram9j@yale.edu
Any,Camies,6523975263,869 Eastwood Place,Tangxia,acamies9k@answers.com
Tedie,Staniland,4437503392,25370 Ilene Way,Hot,tstaniland9l@ucoz.ru
Renault,Porrett,6764567294,87052 Mallard Plaza,Bali,rporrett9m@barnesandnoble.com
Frederigo,Bentley,1047743801,19091 Gale Center,Pontevedra,fbentley9n@zdnet.com
Lorelle,Dunster,1953441962,1454 Parkside Lane,Norrköping,ldunster9o@acquirethisname.com
Candi,Lambrick,3571911826,18965 Nancy Way,Doloplazy,clambrick9p@nih.gov
Carolann,Pethybridge,7359442023,8551 Hollow Ridge Avenue,Phonsavan,cpethybridge9q@arizona.edu
Angelita,Caro,6272904041,458 Lyons Junction,Jacobina,acaro9r@hhs.gov
Sam,Earle,6394772123,70 New Castle Circle,Sambongmulyo,searle9s@privacy.gov.au
Jeff,McCombe,6408367692,5 Stuart Parkway,Manamrag,jmccombe9t@china.com.cn
Chrysa,Upshall,6237009613,3898 Holmberg Parkway,Yishi,cupshall9u@pagesperso-orange.fr
Terrence,Crown,8739077107,667 Goodland Terrace,Sanjiao,tcrown9v@msu.edu
Elsey,Faltin,5353854778,75 Becker Crossing,Dahua,efaltin9w@vkontakte.ru
Eustacia,Jedrzejczak,2464585828,74 Graceland Point,Yangping,ejedrzejczak9x@digg.com
Roth,Harflete,2995367604,90 Melvin Road,Jiangkou,rharflete9y@nyu.edu
Shanon,Burgh,1982957423,1 Harbort Way,Anwen,sburgh9z@bbc.co.uk
Fons,Imison,7842079658,44 Anthes Drive,Jingyang,fimisona0@pagesperso-orange.fr
Duky,Megarry,8846810823,2082 Hanson Lane,Tochio-honchō,dmegarrya1@vkontakte.ru
Alvira,Beastall,4598605037,9252 Annamark Court,Margasari,abeastalla2@redcross.org
Matelda,Odda,5359452667,75337 Pawling Alley,Nový Malín,moddaa3@sbwire.com
Esmaria,Pendle,6634097917,135 Truax Parkway,Pidigan,ependlea4@earthlink.net
Danice,Gouge,1275755760,3 Novick Hill,Santa Ignacia,dgougea5@wix.com
Kristien,Mulcahy,2829641899,64156 Mayfield Trail,Strel'na,kmulcahya6@comsenz.com
Rollin,Hansie,3814612785,94 Emmet Pass,Katumba,rhansiea7@lycos.com
Milo,Smalcombe,7923864027,0241 Elka Trail,Sumisip,msmalcombea8@dailymotion.com
Cull,Burlingame,9456948792,2 Valley Edge Junction,Ili,cburlingamea9@privacy.gov.au
Merline,Bibby,3327010229,19 Hovde Road,Angers,mbibbyaa@ibm.com
Harman,Hayhoe,7857709146,97820 Novick Point,Zhongdong,hhayhoeab@alibaba.com
Ashlen,Biss,7855303447,31 Troy Court,Vaitape,abissac@apple.com
Hazel,Mulryan,4377598998,35384 Amoth Parkway,Pingba,hmulryanad@weebly.com
Gearalt,Willars,6309026389,06927 Amoth Trail,Kwolla,gwillarsae@devhub.com
Katherina,Cejka,3706248851,97 Sunnyside Circle,Shangjia,kcejkaaf@kickstarter.com
Zared,Thorrold,1013787639,46769 Lunder Pass,Shizi,zthorroldag@biblegateway.com
Corina,Combes,3869885386,44944 Rieder Drive,Qingjiangqiao,ccombesah@friendfeed.com
Whitney,Gerard,2076814560,46653 Monterey Way,Podkamennaya Tunguska,wgerardai@netscape.com
Misti,Weir,9206815961,26365 Waywood Place,Tours,mweiraj@naver.com
Kelcie,Tegeller,4221999974,20 Golden Leaf Lane,Staraya Derevnya,ktegellerak@nydailynews.com
Hillard,Filippov,6347494925,27604 Surrey Place,Bratislava,hfilippoval@sohu.com
Giacinta,Nuemann,7254565507,7327 Schurz Junction,Caringin,gnuemannam@flavors.me
Boony,Maisey,9563508521,31 Dixon Pass,Sotteville-lès-Rouen,bmaiseyan@skype.com
Conroy,Seaman,3217523256,0564 Schmedeman Place,Ţawr al Bāḩah,cseamanao@bravesites.com
Trisha,Crosi,5689659972,41618 Mcbride Circle,Zruč nad Sázavou,tcrosiap@t-online.de
Clarine,O'Fearguise,5265208594,41 Fisk Terrace,Sasykoli,cofearguiseaq@boston.com
Anatol,Pesic,6444872510,9 Myrtle Avenue,Egindiköl,apesicar@hexun.com
Suellen,Cardoo,4423082846,447 Comanche Circle,Furongqiao,scardooas@chronoengine.com
Terry,Fromont,5913566908,405 Dunning Avenue,Agana Heights Village,tfromontat@wp.com
Noel,Pentin,9599668056,5 Sunfield Trail,Lower Hutt,npentinau@redcross.org
Demetri,Lewton,6707508570,14969 Oak Drive,Holguín,dlewtonav@altervista.org
Joan,Knewstub,3132495505,501 Schurz Street,Yoshkar-Ola,jknewstubaw@time.com
Foster,Canning,6472270689,5349 Butterfield Circle,Jambesari,fcanningax@pen.io
Saunderson,Swiers,8644726741,5539 Grim Point,Kuta,sswiersay@telegraph.co.uk
Edwina,Poter,7013743232,44 Main Center,Guanting,epoteraz@sphinn.com
Marion,Perrygo,8682773910,732 Bluejay Place,Angus,mperrygob0@independent.co.uk
Jason,Stanmore,5188952675,4281 Northwestern Avenue,Libouchec,jstanmoreb1@mit.edu
Osmond,Mithun,7063277250,7972 Dapin Place,Poctol,omithunb2@moonfruit.com
Evelyn,Falk,5509549757,137 Superior Street,Fengyuan,efalkb3@telegraph.co.uk
Giorgio,Ralphs,9963827248,2 Sachs Alley,Huangzhan,gralphsb4@prnewswire.com
Nolly,Koppelmann,5142248885,7 Badeau Court,Tambo,nkoppelmannb5@who.int
Cirillo,Kettlewell,6122656342,7666 Riverside Street,Khagrachhari,ckettlewellb6@ask.com
Syd,Whitnall,4684507454,26816 Chinook Parkway,Jardia,swhitnallb7@wordpress.com
Kelila,Hawthorn,8755801235,84146 Dahle Road,Zamboanguita,khawthornb8@oakley.com
Daniele,Fotitt,5819599878,5 Armistice Junction,Komi,dfotittb9@thetimes.co.uk
Sander,Pleager,1918579897,59765 Scofield Way,Salamrejo,spleagerba@biblegateway.com
Ignazio,Shirland,7814390042,116 Eastwood Crossing,Xilai,ishirlandbb@blog.com
Lurleen,Simeon,6139579859,2 Bunker Hill Terrace,Ziyang Chengguanzhen,lsimeonbc@dot.gov
Sayer,Shepton,7684007654,0185 Bobwhite Center,Bibis,ssheptonbd@acquirethisname.com
Kandace,Ellingham,3426631334,2710 Transport Parkway,Ombul Barat,kellinghambe@twitter.com
Clarette,Mousley,7675425936,936 Fairview Plaza,Nombre de Jesús,cmousleybf@weibo.com
Damara,Caress,2362907851,4 Center Hill,Heping,dcaressbg@prnewswire.com
Isak,Brickett,2541343422,616 Schurz Avenue,Neob,ibrickettbh@edublogs.org
Karalynn,Pawlik,4197785475,76 Nelson Plaza,Shichuan,kpawlikbi@angelfire.com
Boot,Ensley,3965550779,9715 Lighthouse Bay Center,Tianguá,bensleybj@who.int
Mason,Hanshaw,3483430750,51987 Harbort Crossing,Menzel Jemil,mhanshawbk@zimbio.com
Doloritas,Cussins,4777171494,11300 Fallview Trail,Abobo,dcussinsbl@feedburner.com
Morse,Scroyton,1362378025,884 Farwell Road,Minle,mscroytonbm@salon.com
Hebert,Matissoff,2075351282,541 La Follette Hill,Bayḩān,hmatissoffbn@zdnet.com
Oren,Gove,1883577665,3503 Mendota Drive,Capelinha,ogovebo@wisc.edu
Quill,Bourdis,7894921421,235 Mcguire Park,Hejia,qbourdisbp@sciencedirect.com
Moyra,Klossmann,1572052406,2126 Mcguire Hill,Ar Ruḩaybah,mklossmannbq@flavors.me
Brendin,Rossi,9581777231,66632 Ramsey Trail,Yongfeng,brossibr@so-net.ne.jp
Tades,Trobridge,5461664059,28838 Declaration Plaza,La Libertad,ttrobridgebs@senate.gov
Nancie,Stert,4179162924,35355 Boyd Drive,Toupopu,nstertbt@ezinearticles.com
Eduino,Thursfield,3823384412,955 Clove Plaza,Wuguishan,ethursfieldbu@theguardian.com
Robinette,Columbine,8652461709,97 Clove Junction,Maisons-Laffitte,rcolumbinebv@nationalgeographic.com
Aurlie,MacNair,8603927721,08 Mendota Alley,Bantengan,amacnairbw@reddit.com
Britney,Varey,5066526023,5 Oriole Center,Kendaruan,bvareybx@mac.com
Chaim,Saben,9312279845,222 Doe Crossing Hill,Mentougou,csabenby@boston.com
Kile,Kondratenko,9449537295,74 Sutteridge Crossing,Apuri,kkondratenkobz@lycos.com
Guthrey,Lias,8029131912,7339 Scofield Pass,Aegela,gliasc0@jiathis.com
Aeriell,Hurd,1017722596,1057 Declaration Hill,Pereyaslav-Khmel’nyts’kyy,ahurdc1@answers.com
Baily,Duggon,6492081847,78247 Carpenter Trail,Zhuravka,bduggonc2@wunderground.com
Verina,Anderer,4324392835,13245 Little Fleur Junction,Chiang Yuen,vandererc3@who.int
Jaime,Broader,9576900068,602 Pankratz Plaza,Nine,jbroaderc4@google.com.br
Trevar,MacLoughlin,4802370540,364 Sunbrook Place,Zakan-Yurt,tmacloughlinc5@timesonline.co.uk
Boonie,Ivantsov,3659112992,52 Merrick Circle,Copa,bivantsovc6@go.com
Tynan,Brabham,5948138731,93 Northwestern Parkway,Karangsumber,tbrabhamc7@bandcamp.com
Avis,Haselhurst,7958916768,2 Sauthoff Pass,Luxia,ahaselhurstc8@unicef.org
Teador,La Grange,7038714634,834 Upham Trail,Tengah,tlagrangec9@goodreads.com
See,Stoltz,5677293967,4824 Barby Crossing,Naukšēni,sstoltzca@auda.org.au
Phyllis,Le Gassick,2044550385,55 Eagan Crossing,Dazhigu,plegassickcb@mlb.com
Beilul,Reeken,9703905386,934 Fordem Point,Apiaí,breekencc@accuweather.com
Katie,Auden,3488179132,9 Ruskin Drive,Pregradnaya,kaudencd@patch.com
Lacey,Rubrow,3296658476,488 Haas Way,Navariya,lrubrowce@netlog.com
Peyter,Welford,1037172737,060 Boyd Way,Tegalbuleud,pwelfordcf@google.pl
Lorraine,Sumnall,7101486569,2 Bluejay Crossing,Tadotsu,lsumnallcg@slideshare.net
Leslie,Finlayson,7424128582,91821 Welch Pass,Jietou,lfinlaysonch@aboutads.info
Genevra,Hedgecock,6186286671,83403 2nd Drive,Yujing,ghedgecockci@army.mil
Madella,Kach,5553551377,8 Londonderry Plaza,Banjar Sengguan,mkachcj@ucla.edu
Sayre,Bruffell,4001872485,03728 Springview Park,Dolna Banya,sbruffellck@latimes.com
Lane,Skene,7572049022,08 American Ash Drive,Norfolk,lskenecl@sakura.ne.jp
Berna,Sage,9652011823,43 Del Mar Avenue,Puqian,bsagecm@nyu.edu
Glynda,Chetwind,9832890068,57810 Onsgard Junction,Kunri,gchetwindcn@netscape.com
Haven,Luton,1346883136,74718 Namekagon Center,Lowayu,hlutonco@storify.com
Taylor,Gauche,4771627051,7 Hansons Avenue,Vannes,tgauchecp@odnoklassniki.ru
Gael,Van der Kruis,7825046322,3 Elgar Center,Kinamayan,gvanderkruiscq@sfgate.com
Bram,MacTerrelly,6715709740,97 Sunnyside Street,Wumahe,bmacterrellycr@wordpress.org
Lanny,Zammett,3786973601,991 Helena Lane,Limoeiro,lzammettcs@goodreads.com
Anstice,Vedenichev,7527613874,40026 Waubesa Place,Cantapoy,avedenichevct@nature.com
Edik,Ramme,4108901465,417 2nd Place,Cáceres,erammecu@friendfeed.com
Patrica,Osborn,7826635545,75016 Memorial Plaza,Tubuhue,posborncv@google.pl
Odelia,Yosevitz,7745995836,26 Banding Junction,Baihe,oyosevitzcw@icq.com
Jacob,Messum,5318251037,3332 Kropf Junction,Noenoni,jmessumcx@joomla.org
Bent,Geke,1489133339,467 North Drive,Agualva de Cima,bgekecy@taobao.com
Tisha,Lundy,7428232899,5 Meadow Vale Lane,Letuyi,tlundycz@mashable.com
Mela,Vercruysse,4529281210,39616 Porter Parkway,Dimitrovgrad,mvercruyssed0@tinyurl.com
Bryn,Knell,7515154764,71 Village Green Street,Yuankeng,bknelld1@cdc.gov
Melany,Clemmow,6098315320,30121 Pepper Wood Center,Lazeshchyna,mclemmowd2@ask.com
Roscoe,Bleythin,1766571277,6526 Emmet Pass,Mingjing,rbleythind3@jiathis.com
Daffi,Scardifield,9351200447,59 Schmedeman Avenue,Puqi,dscardifieldd4@reference.com
Tiffani,Villa,7044247919,2646 Rusk Trail,Malaga,tvillad5@reddit.com
Melosa,Westcot,2128618580,17946 Dwight Drive,Tigre,mwestcotd6@google.com.br
Josy,Eddleston,8813713520,142 Vermont Alley,Gibbons,jeddlestond7@dion.ne.jp
Hailey,Huggan,6557196350,1 Dakota Point,Salingogan,hhuggand8@gizmodo.com
Boy,Verring,7609620860,567 Loftsgordon Lane,Dongmaku,bverringd9@rakuten.co.jp
Jordan,Camier,5971359905,6405 Mifflin Place,Talisayan,jcamierda@seattletimes.com
Dolores,Garratt,4726085297,51599 Corscot Avenue,Peruc,dgarrattdb@noaa.gov
Ardelis,MacLaig,2208553305,54 Sutherland Circle,Chorotis,amaclaigdc@smh.com.au
Vanya,MacLeod,2944569614,9 Sheridan Circle,Palca,vmacleoddd@cbc.ca
Cheston,Eton,8248864803,12393 Fuller Way,Carpina,cetonde@acquirethisname.com
Eli,Minocchi,2393967118,74055 Westend Circle,Piran,eminocchidf@vkontakte.ru
Cariotta,Older,4561704285,3525 Jenifer Lane,Maasin,colderdg@indiatimes.com
Glennis,Dresche,6676853127,212 Bobwhite Junction,Cuba,gdreschedh@prlog.org
Gerry,Bohan,9919434113,77821 Jana Center,Banes,gbohandi@github.com
Alvie,Winterbourne,6305588261,411 High Crossing Avenue,Vil’nyans’k,awinterbournedj@upenn.edu
Allys,Conniam,9446846279,4 Daystar Circle,Condong,aconniamdk@theguardian.com
Antonetta,Eggleston,7552142552,6 Knutson Court,Nyköping,aegglestondl@vimeo.com
Mechelle,Gronav,4027825693,57 Hallows Drive,Garhi Khairo,mgronavdm@topsy.com
Gustavus,Hillaby,3472458824,41 Westridge Parkway,Itami,ghillabydn@gizmodo.com
Jephthah,Le Surf,9553878832,68 Dryden Drive,Pradera,jlesurfdo@free.fr
Mariann,Juschka,4475057109,9759 Sycamore Street,Guachetá,mjuschkadp@hostgator.com
Lief,Killingworth,2578133899,70 Hansons Lane,Fenoarivo Be,lkillingworthdq@wikispaces.com
Bess,Lalevee,6016346152,663 Delladonna Pass,Virojoki,blaleveedr@storify.com
Perle,Neaverson,9255766711,1720 Fallview Crossing,Panórama,pneaversonds@godaddy.com
Irving,Eykelhof,2558371297,7288 Starling Trail,Oeoh,ieykelhofdt@soup.io
Trstram,Doerr,5853282456,736 Gina Way,Magdalena,tdoerrdu@dagondesign.com
Carey,Start,7073997607,0141 Anthes Parkway,Santa Ana,cstartdv@flavors.me
Grange,Johantges,7926283085,8 Gale Place,Orda,gjohantgesdw@issuu.com
Natalya,Greatrex,1698308915,9 Aberg Park,Karanganyarkrajan,ngreatrexdx@va.gov
Barrett,McKyrrelly,3989629545,52311 Westend Circle,Lyubymivka,bmckyrrellydy@walmart.com
Lulu,Targe,7426042576,2 Golf Way,Zhouxi,ltargedz@amazon.com
Ashleigh,Crossfeld,7499912863,241 Armistice Court,Kadupayung,acrossfelde0@cdbaby.com
Evelyn,Bosse,9174128594,6665 Cambridge Circle,Brooklyn,ebossee1@ezinearticles.com
Joeann,Belderson,3376432061,49856 Schlimgen Trail,Kondrovo,jbeldersone2@sakura.ne.jp
Vitoria,Horwell,6024629706,6951 Washington Road,Miedzichowo,vhorwelle3@weibo.com
Jodie,Permain,2353688139,865 Westend Alley,Dayangqi,jpermaine4@japanpost.jp
Stevena,Gadsby,4955320293,82642 Knutson Circle,Brwinów,sgadsbye5@bbc.co.uk
Christie,Gaven,5692204364,6504 Glacier Hill Street,Bekondo,cgavene6@soundcloud.com
Norrie,McKune,4607174182,3588 Melby Place,Nyakhachava,nmckunee7@weibo.com
Birch,Collum,2567289551,18 Donald Road,Wisła,bcollume8@cmu.edu
Dorothy,Mountfort,7023774094,02318 Carpenter Place,Huishi,dmountforte9@comcast.net
Hartwell,Prosch,8007844202,80568 Meadow Vale Trail,Bektemir,hproschea@businesswire.com
Janelle,Fransinelli,8613802242,1 Talmadge Pass,Yili,jfransinellieb@t.co
Kaycee,Banaszkiewicz,5076444265,301 Donald Pass,Safotu,kbanaszkiewiczec@youku.com
Elizabet,Stoite,8881520851,4342 Schurz Plaza,Roma,estoiteed@home.pl
Shandra,Pibsworth,6573758230,02648 Gateway Street,Binitinan,spibsworthee@infoseek.co.jp
Christian,Purry,6446399215,41401 Pawling Road,Wonokerto,cpurryef@army.mil
Anders,Brockway,1976505189,66763 1st Trail,Barbacena,abrockwayeg@exblog.jp
Loise,Scorah,8755098515,5720 Lakewood Parkway,Karangsuko,lscoraheh@sogou.com
Zacherie,Derill,7047791026,498 Prairie Rose Drive,Kítsi,zderillei@sfgate.com
Woodie,Langelay,4964089472,8 Waywood Hill,Wongaya Kaja,wlangelayej@ovh.net
Patton,Hagart,5443016261,56907 Carpenter Terrace,Beaverlodge,phagartek@columbia.edu
Gaston,Chrishop,9605995195,3821 East Road,Adiwerna,gchrishopel@sogou.com
Ardine,Dulson,6433594842,67 Schmedeman Way,Yangp'yŏng,adulsonem@state.tx.us
Carry,Slide,7562866255,503 Waubesa Plaza,Ust’-Isha,cslideen@goo.gl
Rafaela,Wolters,7084753491,2 Sommers Plaza,Åtvidaberg,rwolterseo@cbslocal.com
Saxe,Hadgraft,2985784357,9712 Sunnyside Parkway,Aswan,shadgraftep@walmart.com
Madalyn,Dodgshon,8516582930,79420 Ridgeview Parkway,Osias,mdodgshoneq@ted.com
Anna,Booty,5748641312,734 Eastlawn Drive,Zhamog,abootyer@e-recht24.de
Alexander,Gingold,1125829905,7208 Farwell Terrace,Boyany,agingoldes@feedburner.com
Cletus,Nobbs,9922021673,29335 Myrtle Drive,Libu,cnobbset@pagesperso-orange.fr
Lib,Yeld,1467870775,2410 Redwing Road,Xinfengjie,lyeldeu@google.nl
Bobina,Brockman,6409894918,732 Almo Parkway,Nalinggou,bbrockmanev@chronoengine.com
Nelia,Forbes,6627640740,75 Petterle Place,Ocoruro,nforbesew@flavors.me
Cordelie,Baack,9706349448,87 Lakewood Circle,Surup,cbaackex@scientificamerican.com
Tobin,Currier,5744419061,6 Butternut Terrace,Khanu Woralaksaburi,tcurrierey@vimeo.com
Eliza,Rentoll,9696134847,1 Sugar Parkway,Peskovka,erentollez@sitemeter.com
Bobbye,Palphreyman,5313133052,7284 Armistice Hill,Puan,bpalphreymanf0@chron.com
Stirling,Teas,9752628275,71024 Brentwood Avenue,Sápes,steasf1@bandcamp.com
Rayshell,McParlin,6704327176,8 Manitowish Drive,Rio Negrinho,rmcparlinf2@reference.com
Arleyne,Guilloneau,8317018869,356 Sage Alley,Concepcion,aguilloneauf3@hugedomains.com
Winfred,Biskupiak,4088711908,81097 Buhler Circle,Espinheira,wbiskupiakf4@storify.com
Lorrayne,Cabel,3929714347,2 Prairie Rose Plaza,Storuman,lcabelf5@dyndns.org
Phedra,Godney,3524515343,86441 Dahle Road,Nowa Dęba,pgodneyf6@goo.ne.jp
Rhodie,MacDonagh,2259298348,67689 Green Ridge Alley,Tworków,rmacdonaghf7@ucla.edu
Neddie,Machen,8565943442,13104 Victoria Avenue,Hrodna,nmachenf8@blinklist.com
Crawford,Giovanetti,1045695602,30 Armistice Parkway,Yolöten,cgiovanettif9@cafepress.com
Nester,Meeke,5485328033,97848 Larry Terrace,Gaxung,nmeekefa@statcounter.com
Lyle,Saundercock,7374580250,4 Ramsey Way,Sumalig,lsaundercockfb@unc.edu
Antonella,Riley,4426363873,25 Moland Plaza,Cravinhos,arileyfc@bigcartel.com
Terrance,Mullins,9573428961,87597 Pennsylvania Street,Bitica,tmullinsfd@ucoz.ru
Thomasa,Naish,3091847405,9562 Vernon Terrace,Shangxing,tnaishfe@rakuten.co.jp
Meara,Free,5088849601,49011 Harper Way,Patarrá,mfreeff@t.co
Morty,Althorp,9853240362,398 Tennyson Point,Esperanza,malthorpfg@mozilla.com
Cathe,Normanton,3823221335,5501 Springs Circle,Paraguaçu Paulista,cnormantonfh@earthlink.net
Rosaline,Wynne,5865045085,583 Pine View Hill,Hernando,rwynnefi@upenn.edu
Nessa,Hexam,2359279728,31076 Caliangt Way,Turka,nhexamfj@shinystat.com
Gwenore,Grenville,3879090651,9 Sullivan Terrace,Stockholm,ggrenvillefk@ehow.com
Lionel,Krojn,9316696881,5 Burning Wood Junction,Tāndo Mittha Khān,lkrojnfl@nbcnews.com
Sarge,Doget,4441198699,03798 Mcguire Road,Kidatu,sdogetfm@blogtalkradio.com
Anson,Dansie,1318152079,14 New Castle Place,Valenciennes,adansiefn@php.net
Evelyn,Rosenberg,2026299951,2979 Golf Course Park,Garoua Boulaï,erosenbergfo@who.int
Cedric,Padrick,2803308236,4163 Schmedeman Place,Bella Vista,cpadrickfp@wikipedia.org
Ikey,Ogley,4488831367,06361 Pearson Plaza,Wonopringgo,iogleyfq@zimbio.com
Dilly,Legerwood,6276318334,513 Kim Circle,Trinidad,dlegerwoodfr@123-reg.co.uk
Brianna,McLeman,3709707373,7254 Gerald Circle,Poykovskiy,bmclemanfs@oaic.gov.au
Sula,Nettles,4492338773,3 Huxley Road,Vélo,snettlesft@zdnet.com
Alanson,Le Breton De La Vieuville,4822406535,27692 Red Cloud Avenue,Bukal,alebretondelavieuvillefu@360.cn
Erda,Stuer,1987812869,15246 Esch Lane,Tikhvin,estuerfv@lulu.com
Myrvyn,Finn,3542646006,34626 Talmadge Street,Okegawa,mfinnfw@plala.or.jp
Hamel,Booth,6832039290,747 Upham Crossing,Sapat,hboothfx@rediff.com
Gabriello,Toppin,5501352780,655 Elka Place,Içara,gtoppinfy@home.pl
Beret,Powelee,8106599055,67580 Transport Road,Bonneuil-sur-Marne,bpoweleefz@ihg.com
Talbot,Wildman,8874141466,49 Main Trail,Kaya,twildmang0@wufoo.com
Lind,McDyer,2644362611,1846 Cherokee Way,Khabarovsk,lmcdyerg1@privacy.gov.au
Fair,Althorpe,3112794941,5 Doe Crossing Place,Prior Velho,falthorpeg2@ifeng.com
Loleta,Sunman,4969160554,47 Village Parkway,San Fernando,lsunmang3@sitemeter.com
Goldarina,Sauvain,7593540800,35 Butterfield Street,Ares Tengah,gsauvaing4@statcounter.com
Ailyn,Usher,5421916151,41229 Linden Drive,Lyon,ausherg5@answers.com
Elbert,Effaunt,3909547419,641 Oak Valley Center,Itsandra,eeffauntg6@mozilla.org
Herbert,Tommasuzzi,5573111130,08317 Eastwood Way,Morales,htommasuzzig7@adobe.com
Roscoe,Ledgeway,9666748333,0 Mitchell Street,Obando,rledgewayg8@unesco.org
Tallou,Stabler,1088843188,0 Village Park,Honda,tstablerg9@digg.com
Katee,Oglevie,4834154555,62 Riverside Street,Sapele,kogleviega@mit.edu
Issie,Brindley,7999629167,1770 Oriole Trail,La Libertad,ibrindleygb@wikimedia.org
Lanie,Kelberman,3492134044,775 Kropf Terrace,Taung,lkelbermangc@bandcamp.com
Odo,Boxer,3107461868,038 Hallows Pass,Inglewood,oboxergd@bizjournals.com
Lucas,Romer,4581176382,385 Shopko Plaza,Dokuchayevs’k,lromerge@wordpress.com
Brenda,Dobsons,7364615698,1 Bobwhite Pass,Sanqiao,bdobsonsgf@hhs.gov
Dulcinea,Jones,7553820624,173 Carey Avenue,Tyoply Stan,djonesgg@wsj.com
Caril,Maeer,5884319871,9505 2nd Pass,Watublapi,cmaeergh@bravesites.com
Sven,Gustus,5412943939,51 Prairie Rose Lane,Marevo,sgustusgi@ucoz.com
Nellie,Hannond,6695419500,83280 Portage Road,Jambuwerkrajan,nhannondgj@lulu.com
Marya,Destouche,5883181908,8033 Waxwing Circle,Poste du Lac,mdestouchegk@smugmug.com
Pincus,O' Scallan,2365543702,3 Straubel Pass,Sypniewo,poscallangl@eventbrite.com
Pavia,Sallows,4962836048,7 Stang Hill,Všeruby,psallowsgm@symantec.com
Walt,Chettle,1187856082,7012 Donald Drive,Hai Riêng,wchettlegn@ucoz.ru
Gerrie,Amorine,2265074204,9722 Elgar Road,Palmira,gamorinego@hhs.gov
Barrie,Broomfield,3187297712,86 Arrowood Park,Murcki,bbroomfieldgp@surveymonkey.com
Ivor,Lennox,6766546781,2 Spohn Place,Purísima,ilennoxgq@networkadvertising.org
Frankie,Pittwood,9147735512,352 Utah Terrace,Lipa City,fpittwoodgr@reddit.com
Edouard,Fuxman,1226201653,8 Lighthouse Bay Court,Saint-Priest-en-Jarez,efuxmangs@cdbaby.com
Sibeal,Thirlwall,7213118129,826 Holmberg Point,Néa Ankhíalos,sthirlwallgt@reuters.com
Zaneta,Swallow,9586686356,47 Blue Bill Park Alley,Bontoc,zswallowgu@ow.ly
Jorgan,Nell,2193304340,534 Loomis Hill,Perehonivka,jnellgv@is.gd
Burk,Pady,1046667209,48 Boyd Terrace,Lacabamba,bpadygw@auda.org.au
Eolanda,Pitts,5834747693,27649 Parkside Point,Mindupok,epittsgx@ycombinator.com
Christi,Poor,9112223974,99 Cambridge Trail,Skarżysko-Kamienna,cpoorgy@mediafire.com
Olvan,O'Fielly,1312545070,5 Muir Lane,Quivilla,oofiellygz@hc360.com
Dreddy,Downe,9132029269,1769 Crest Line Court,Tarragona,ddowneh0@webs.com
Ardene,Mardlin,9964041665,01 Hallows Crossing,Sihai,amardlinh1@theatlantic.com
Rosalinda,Birchett,5456015566,21 Vernon Junction,Al Qarārah,rbirchetth2@nyu.edu
Zacharias,Sparkes,3719109282,797 Bluestem Crossing,Ajung,zsparkesh3@prnewswire.com
Winny,Hanselmann,6992680880,38 Sunnyside Pass,Krajan,whanselmannh4@amazon.co.uk
Stanleigh,Batter,2666432355,16786 Reindahl Way,Rokoy,sbatterh5@buzzfeed.com
Colas,Zamorrano,7947451405,103 Moose Junction,Sioah,czamorranoh6@icio.us
Tadio,Challinor,9984967472,4267 Carey Lane,Santa Catarina Barahona,tchallinorh7@europa.eu
Katinka,Fawloe,6589026623,95 Lakewood Gardens Hill,Wa’erma,kfawloeh8@phoca.cz
Annamaria,Paolozzi,3309687586,035 Fieldstone Point,Kubachi,apaolozzih9@elpais.com
Jillie,Greenrde,7011740365,2746 Cascade Drive,Vel’sk,jgreenrdeha@comsenz.com
Hayden,Merryfield,7168438886,13 Miller Park,Zinder,hmerryfieldhb@foxnews.com
Bettye,Chipperfield,1988037559,323 Dryden Lane,Arauquita,bchipperfieldhc@usa.gov
Flin,Querrard,8687843414,652 Oneill Drive,Oenaik,fquerrardhd@wisc.edu
Harrie,Gleed,8587025409,09292 Holy Cross Avenue,Shenjing,hgleedhe@blogs.com
Lorraine,Spelwood,8136627806,2693 Eastlawn Place,Mmathubudukwane,lspelwoodhf@networkadvertising.org
Haydon,Beddie,6883894776,93879 Barnett Center,Gawanan,hbeddiehg@squarespace.com
Job,Fridlington,1701477171,8793 Algoma Trail,Fengmu,jfridlingtonhh@howstuffworks.com
Haskel,Thornborrow,2795672606,617 Pond Drive,Shuangshipu,hthornborrowhi@mozilla.org
Bethany,Clinnick,7894841001,0207 Talmadge Parkway,Blois,bclinnickhj@shareasale.com
Ignaz,Danforth,4447001018,43 Village Park,Kotabumi,idanforthhk@fema.gov
Anastasia,Peevor,3131313057,5977 Waubesa Circle,Detroit,apeevorhl@smh.com.au
Orazio,Avramovic,1298048566,098 Everett Hill,Mehrābpur,oavramovichm@arstechnica.com
Beatriz,Copper,9484188809,82300 American Ash Lane,Jinchuan,bcopperhn@bbb.org
Hetty,Sitch,1806117241,0502 Memorial Park,Letpandan,hsitchho@bloglines.com
Rheta,Soares,2305813737,1965 Morningstar Road,Lavras,rsoareshp@xinhuanet.com
Debby,Beteriss,7324954295,084 Elgar Park,Tieshan,dbeterisshq@dailymotion.com
Lyndsie,Rowcastle,8239535632,65978 Anderson Avenue,Waitangi,lrowcastlehr@qq.com
Britni,Hutchison,4631749088,8 Esch Drive,Bernardo de Irigoyen,bhutchisonhs@google.it
Field,Ellerey,1409874746,2340 Schlimgen Drive,Hengpi,fellereyht@xing.com
Rochette,Micka,1871551592,67959 Forster Trail,Novo Aripuanã,rmickahu@dyndns.org
Aubine,Cammack,3874072080,5 Parkside Trail,Zaječov,acammackhv@yellowpages.com
Bearnard,Coton,4204821021,9 Sloan Road,Oslo,bcotonhw@aboutads.info
Mill,Chapelle,6659350988,31506 Elgar Point,Zdiby,mchapellehx@bigcartel.com
Vita,Tythacott,2064645767,29920 Eliot Street,Dalakovo,vtythacotthy@stanford.edu
Codie,Keppie,5666050456,9 Rowland Place,Tingloy,ckeppiehz@loc.gov
Hattie,Sisey,5377827198,18808 Graceland Court,Sapouy,hsiseyi0@earthlink.net
Ahmad,Bartocci,8917711200,551 Troy Park,Karangnunggal,abartoccii1@whitehouse.gov
Benny,Kennefick,5776576977,8966 Northport Hill,Lachowice,bkenneficki2@etsy.com
Kristofor,Ledson,9345532867,370 Main Avenue,Gennevilliers,kledsoni3@freewebs.com
Lawton,Schurcke,5394837652,3494 Florence Lane,Maofan,lschurckei4@hugedomains.com
Claribel,Bromwich,4664218471,24833 Clemons Circle,Uttar Char Fasson,cbromwichi5@java.com
Terry,Stroband,3934592752,2659 Upham Court,Loučná nad Desnou,tstrobandi6@cdbaby.com
Gale,Du Hamel,2022759378,5 Barby Avenue,Toutosa,gduhameli7@nydailynews.com
Casper,Sixsmith,5195301055,4 Fremont Crossing,Bergen,csixsmithi8@cargocollective.com
Alard,MacKaig,4491040102,3 Golf View Street,Uitiuhtuan,amackaigi9@cpanel.net
Jacquelynn,Mantha,8594282899,353 Kensington Plaza,Alor Setar,jmanthaia@list-manage.com
Emmy,Di Bartolommeo,8326104341,782 Dryden Junction,Ozalj,edibartolommeoib@mapquest.com
Erie,Clink,2676673572,48 Cordelia Road,Lusaka,eclinkic@123-reg.co.uk
Sampson,Sive,7926819809,9903 Annamark Street,Baranoa,ssiveid@prlog.org
Chance,Lockhead,2986358176,216 Bowman Street,Umabay,clockheadie@businessweek.com
Rosalind,Lilion,7664413853,2 Meadow Ridge Court,Kalutara,rlilionif@gmpg.org
Eddy,Renbold,6462809470,0 Scofield Crossing,Calasgasan,erenboldig@bbb.org
Vanna,Gatling,9959132534,8770 Starling Park,Strančice,vgatlingih@google.cn
Ellyn,Agnolo,6577319248,37708 Anzinger Way,Qalandiyā,eagnoloii@netscape.com
Clio,Duffyn,8023135662,7 Washington Junction,Ploemeur,cduffynij@google.pl
Lolita,Turbat,6519168191,671 Granby Alley,Sabbah,lturbatik@weebly.com
Artus,Yushkin,6251020593,5 Montana Park,Jiangya,ayushkinil@typepad.com
Shelton,Rotge,1808195382,07931 Laurel Pass,Srabah,srotgeim@github.io
Lyn,Halgarth,8619435511,4 Colorado Court,Mompach,lhalgarthin@bizjournals.com
Mariam,Romaynes,5267502727,06537 Scoville Crossing,Mbomba,mromaynesio@wikipedia.org
Simone,Oleszczak,5312760981,4255 Kipling Circle,Rząśnik,soleszczakip@homestead.com
Renate,Follen,6701164323,98 Tennessee Street,Krasica,rfolleniq@free.fr
Carver,Hatton,8606129207,55077 Aberg Trail,Chengcun,chattonir@reuters.com
Cy,Myrick,1216936910,7894 Burrows Trail,Berlin,cmyrickis@twitpic.com
Joana,Bariball,3418832807,7 Nobel Avenue,Thị Trấn Sìn Hồ,jbariballit@fc2.com
Adan,Loakes,9878403059,90 Ohio Terrace,Madrid,aloakesiu@about.com
Silvan,Barten,4357023565,7 Grim Junction,Huixian Chengguanzhen,sbarteniv@baidu.com
Bernadina,Tatlock,5454825857,26 Comanche Circle,Hengjie,btatlockiw@buzzfeed.com
Karly,Barribal,9756425669,1044 Eliot Hill,Fenglin,kbarribalix@ed.gov
Wilmer,Boom,7444653788,47 Dahle Avenue,Panitan,wboomiy@ox.ac.uk
Nevile,Yepiskopov,5273104006,114 Mayfield Circle,Lunsar,nyepiskopoviz@omniture.com
Thorny,Philpin,7745864840,80342 Hollow Ridge Place,Imishli,tphilpinj0@smh.com.au
Johna,Lavington,6971774642,0 Vidon Street,Xiayang,jlavingtonj1@wix.com
Esmaria,Fryers,9565731554,37859 John Wall Road,Fasito‘outa,efryersj2@si.edu
Bernardo,Arminger,2349464539,39140 Killdeer Plaza,Mamasa,barmingerj3@mit.edu
Traver,Bruffell,7761641465,40920 Redwing Street,Coyaima,tbruffellj4@sfgate.com
Nial,Chelley,3233775113,16594 Badeau Point,Tayang,nchelleyj5@narod.ru
Titus,Clarkin,4918720484,45 Eastlawn Pass,Uglovoye,tclarkinj6@facebook.com
Siward,McBratney,9693810073,59 Amoth Center,Ágios Vasíleios,smcbratneyj7@yellowbook.com
Stace,Laurenty,9109699560,5 Mallard Terrace,Yuty,slaurentyj8@zimbio.com
Fifine,Cavendish,8102914342,1 Parkside Point,Orléans,fcavendishj9@huffingtonpost.com
Ellissa,Genny,4058097404,77677 Lakewood Gardens Trail,Phú Túc,egennyja@parallels.com
Sibyl,Roft,2773201677,54 Gerald Park,Bugo,sroftjb@wisc.edu
Janos,Mendel,6978011199,87497 Prairieview Junction,Curug,jmendeljc@un.org
Brigitta,Lisett,2564583050,9390 Cherokee Drive,Itako,blisettjd@xinhuanet.com
Ann,Crocroft,3676186268,3 Fulton Terrace,Qiqing,acrocroftje@tamu.edu
Lesly,Etches,5035375496,527 Hanover Point,Trudobelikovskiy,letchesjf@reverbnation.com
Mareah,Touhig,1562556078,838 Barby Place,Sierakowice,mtouhigjg@unesco.org
Stephie,Reagan,6289944005,74375 Oakridge Plaza,Uherský Brod,sreaganjh@ibm.com
Howey,Nellen,5025153661,503 Mesta Street,Abadou,hnellenji@uiuc.edu
Vittoria,Tilley,4658124683,1317 Miller Point,Zhourui,vtilleyjj@skyrock.com
Bernadette,Lowther,1494315145,5 Carioca Way,Caluya,blowtherjk@nytimes.com
Nanci,Sandiford,4524976281,6100 Schiller Place,Smara,nsandifordjl@ameblo.jp
Florie,Bibb,2292632738,45 Muir Hill,Quintas,fbibbjm@pinterest.com
Bastien,Canland,3894861333,241 Burrows Terrace,Monguno,bcanlandjn@loc.gov
Winna,Asaaf,4418004371,8 Ruskin Junction,Rubirizi,wasaafjo@amazon.de
Carlos,Heppenspall,9068150425,8307 Vernon Circle,Ciechanów,cheppenspalljp@php.net
Tiebold,Jekyll,2411092475,0650 Portage Park,Nunutba,tjekylljq@mozilla.com
Lanna,St Louis,1025208005,429 Porter Center,San Jacinto,lstlouisjr@bloomberg.com
Honor,Eves,6542348028,140 Elka Parkway,Gujō,hevesjs@google.cn
Carita,Bache,6224758901,909 Brentwood Circle,Xiaruyue,cbachejt@taobao.com
Avictor,Stannis,6829238831,9069 Buell Center,Carolina,astannisju@state.gov
Glenine,Cawte,9716716711,7898 Ruskin Trail,Tuoshi,gcawtejv@tumblr.com
Kordula,Durtnell,5331290314,84 International Plaza,Kingston,kdurtnelljw@bbb.org
Putnem,MacCartan,2305352445,52 Kenwood Way,Llazicë,pmaccartanjx@cargocollective.com
Cindelyn,Tejero,1393643920,19402 Dexter Point,Xiangyun,ctejerojy@gravatar.com
Jaimie,Carme,4631178876,4546 Carey Circle,Qixia,jcarmejz@posterous.com
Reed,Clunie,2301034755,697 Pleasure Hill,Gérakas,rcluniek0@uiuc.edu
Ema,Pannaman,8971910374,1 Fallview Junction,Rabah,epannamank1@ca.gov
Alison,Iston,5677139218,46535 Drewry Alley,Rio Novo do Sul,aistonk2@microsoft.com
Lusa,Wharf,7373181079,66417 Mendota Crossing,Sitajara,lwharfk3@google.com.au
Devinne,Vannacci,6991595908,5148 Quincy Point,Werinama,dvannaccik4@printfriendly.com
Alejoa,Schoenrock,4316168066,03 Homewood Circle,Chavarría,aschoenrockk5@vistaprint.com
Suzann,Horsell,5538766788,97 Alpine Center,Póvoa,shorsellk6@youku.com
Francesca,Reeds,4023517669,36 Tennyson Circle,Tangguhang,freedsk7@pen.io
Francoise,Wedgwood,6679863591,5566 Namekagon Center,Fontaínhas,fwedgwoodk8@apache.org
Fawn,Margerrison,5709245083,91 Washington Way,San Antonio,fmargerrisonk9@marriott.com
Dorothea,Carstairs,7097565087,56 Union Terrace,Mayantoc,dcarstairska@umn.edu
Lulu,Player,1607723782,20831 Namekagon Hill,Nizhniy Lomov,lplayerkb@studiopress.com
Robinet,Yankeev,6691849760,32388 Forest Place,Uppsala,ryankeevkc@vistaprint.com
Eberto,Couche,7543741530,11613 Cascade Pass,Wan’an,ecouchekd@altervista.org
Nat,Fochs,7657576466,7973 Westridge Point,Aknīste,nfochske@cocolog-nifty.com
Banky,Gentsch,8085390119,84529 Hayes Lane,Cabreúva,bgentschkf@canalblog.com
Carine,Malloch,6188503877,44 Jay Point,Bauru,cmallochkg@ucoz.com
Karyn,Wafer,1797531752,67692 Lakeland Junction,Ikeda,kwaferkh@fema.gov
Margarete,Pole,7486163040,063 Ronald Regan Alley,Helsingborg,mpoleki@imageshack.us
Brit,Samsin,5247627937,10 Arizona Pass,Kuala Bhee,bsamsinkj@wikispaces.com
Dorelia,Woodcraft,6902026227,10 Glendale Park,Al Manşūrah,dwoodcraftkk@oakley.com
Bernard,Fann,3426489623,9 Columbus Lane,Chyżne,bfannkl@hexun.com
Giulio,Willavoys,8867736818,8 Northland Court,Jatake,gwillavoyskm@163.com
Currie,Bissiker,1528655315,17114 Rutledge Road,Zall-Herr,cbissikerkn@technorati.com
Nicolis,Rove,7733031239,97 Glendale Place,Santa Cruz,nroveko@1und1.de
Stirling,Byrd,2504240357,802 Stone Corner Hill,Gogaran,sbyrdkp@sphinn.com
Samuele,Bassil,8985527375,0 Dryden Hill,Panggungasri,sbassilkq@wikia.com
Shawna,Fourmy,4003861263,9333 Ramsey Plaza,Tomarovka,sfourmykr@altervista.org
Lori,MacCome,6223815398,52 Clemons Crossing,Barreiro,lmaccomeks@admin.ch
Teena,Ferretti,5543250404,5 Bowman Street,Jiaotang,tferrettikt@barnesandnoble.com
Cammy,Greenhead,5144449655,5 Dottie Place,Lápas,cgreenheadku@163.com
Deb,Jonke,2072569444,2 Hintze Lane,Tchaourou,djonkekv@hibu.com
Katie,Geffcock,8241084031,2505 Anhalt Place,Rognedino,kgeffcockkw@exblog.jp
Arlene,Titterrell,8035383378,152 High Crossing Way,Padasono,atitterrellkx@walmart.com
Berti,Kaman,8013735674,4 Aberg Court,Xinxikou,bkamanky@plala.or.jp
Lettie,Freer,8508669608,245 Melvin Parkway,Topola,lfreerkz@businesswire.com
Bartholomeus,Haddow,1447126332,91 Pawling Street,Shajing,bhaddowl0@comcast.net
Ricardo,Tungate,2095544348,951 Northwestern Crossing,Najrān,rtungatel1@ted.com
Beatrice,Recher,8756314064,7 Reinke Terrace,Ishikawa,brecherl2@google.fr
Alic,Proschke,6418205834,4179 Brown Plaza,Oslo,aproschkel3@imageshack.us
Theodosia,Stutter,9498849309,55 Redwing Point,Yongheshi,tstutterl4@drupal.org
Tyrus,Henrie,2262140504,0108 Cottonwood Avenue,Ödeshög,thenriel5@arstechnica.com
Clair,Hewson,9771299453,2 Bay Way,Wantan,chewsonl6@admin.ch
Cloris,Pfiffer,1593452196,334 Pearson Pass,Khong,cpfifferl7@harvard.edu
Joleen,Brittle,9739911462,95169 Leroy Street,Cikandang,jbrittlel8@weather.com
Miof mela,Puckett,6106363363,3460 Boyd Street,San Jose,mpuckettl9@miibeian.gov.cn
Iolande,McIlwraith,3538449364,7297 Loomis Alley,Béthune,imcilwraithla@weebly.com
Danika,Petran,4889246755,49 Fremont Way,Junliangcheng,dpetranlb@fema.gov
Gerek,Loddy,5886253713,123 Derek Plaza,Balzan,gloddylc@hostgator.com
Ric,Gippes,5026125559,1 Packers Lane,Pingshan,rgippesld@tmall.com
Nerti,Caveau,5057419957,12 Killdeer Hill,Santa Monica,ncaveaule@storify.com
Horton,Skegg,1038153944,6 La Follette Hill,Nambak Tengah,hskegglf@a8.net
Cross,Guillerman,8285000527,798 Alpine Center,Pimbalayan,cguillermanlg@amazon.co.jp
Gerrie,Youde,7916556368,97 Moulton Park,Santa Cruz da Graciosa,gyoudelh@ustream.tv
Klement,Othen,5828204432,2826 Norway Maple Way,Yizhivtsi,kothenli@ted.com
Daphene,Moulder,1934471754,66174 Green Ridge Trail,Dem’yanovo,dmoulderlj@printfriendly.com
Malva,Stoddart,4787328936,07873 Meadow Valley Center,Ban Bueng,mstoddartlk@blogs.com
Nari,Dunbobbin,4156612362,237 Memorial Road,Pashkovskiy,ndunbobbinll@google.com.hk
Minerva,Gheorghe,6993886577,026 Warner Terrace,Qinglung,mgheorghelm@disqus.com
Nissie,Eyckel,5242687731,2071 Grim Lane,Almolonga,neyckelln@merriam-webster.com
Michelina,Speares,5284131752,7624 Sachs Avenue,Kanshan,mspeareslo@artisteer.com
Ronica,Imlaw,8416235492,1245 Coleman Hill,San Andros,rimlawlp@sina.com.cn
Emilie,Karczinski,7295186581,93168 Judy Point,Jiucaizhuang,ekarczinskilq@gravatar.com
Marshall,Jaulme,7587287449,37186 Sachs Center,Baisha,mjaulmelr@baidu.com
Corey,Treves,1163937274,47519 Corben Street,Jimaguayú,ctrevesls@freewebs.com
Brewster,Munton,9544485758,10 2nd Drive,Chemerivtsi,bmuntonlt@sourceforge.net
Britney,Ramsby,3067478734,6 Anderson Court,Volovets,bramsbylu@hp.com
Emerson,Lavielle,4639670849,04 Lerdahl Terrace,Araçatuba,elaviellelv@google.com
Sholom,Hearson,5372171513,8 Clemons Hill,Bertelhe,shearsonlw@plala.or.jp
Pierce,Knagges,6321828944,32 Kensington Place,Dhī as Sufāl,pknaggeslx@illinois.edu
Lukas,Battelle,9049754438,048 Corscot Terrace,Ejmiatsin,lbattellely@spiegel.de
Upton,Nannoni,3632428019,82542 Florence Terrace,Lumphăt,unannonilz@g.co
Ruby,O'Scannill,2483068342,6447 Westerfield Lane,Saint-Égrève,roscannillm0@nymag.com
Shaine,Fewster,7757877645,90846 Golden Leaf Parkway,Tayu,sfewsterm1@oakley.com
Suzi,Lowers,6888812187,76954 Independence Alley,North Shore,slowersm2@technorati.com
Xavier,Comport,8856657222,89 Garrison Plaza,Jansenville,xcomportm3@delicious.com
Tessa,Macias,6187074486,919 Tony Point,Obigarm,tmaciasm4@squidoo.com
Kelby,Gregorace,9404694906,92444 Maywood Way,Baabda,kgregoracem5@zdnet.com
Tremayne,Schuck,3695249311,28 Kropf Road,Shalamzār,tschuckm6@fema.gov
Clio,Swateridge,2252657349,1 Starling Place,Udomlya,cswateridgem7@nytimes.com
Skippy,Cowsby,7878345369,127 Amoth Way,Hedong,scowsbym8@whitehouse.gov
Paton,Simchenko,5173561229,37 Prentice Hill,Itapetininga,psimchenkom9@statcounter.com
Lilith,Yacob,2333668601,231 Bayside Parkway,Luan Balu,lyacobma@homestead.com
Carline,Tilly,6545949431,84560 Clemons Way,Tuochuan,ctillymb@sitemeter.com
Matilde,Sadler,4236209600,39 Heffernan Road,Natakoli,msadlermc@bravesites.com
Evered,Atte-Stone,5585767649,8 Dwight Terrace,Yoshkar-Ola,eattestonemd@dyndns.org
Libby,Engall,4547009460,701 Lakewood Avenue,Datong,lengallme@engadget.com
Pet,Baudins,5593868416,091 Anhalt Crossing,Shinjō,pbaudinsmf@weather.com
Weston,Schober,4545009986,155 Autumn Leaf Center,Concordia,wschobermg@acquirethisname.com
Parke,Franzoli,6679215359,1 Summerview Way,Puerto San José,pfranzolimh@taobao.com
Mandy,Balch,3632678893,3 Ridgeway Drive,Tocota,mbalchmi@over-blog.com
Cate,Matchett,2146391586,187 Grayhawk Court,Ukata,cmatchettmj@flickr.com
Karly,Smerdon,9152938690,44899 Northfield Lane,Suizhou,ksmerdonmk@g.co
Ingra,German,4919222070,1810 Homewood Plaza,Labuhanlalar,igermanml@wordpress.org
Brooke,Lafflin,4696572070,31 Hansons Court,La Francia,blafflinmm@businessinsider.com
Chase,Jeans,8199835591,5617 Bartelt Alley,Qingkenpao,cjeansmn@tripadvisor.com
Mellicent,Bromell,1541610510,969 Burning Wood Parkway,Besukrejo,mbromellmo@yolasite.com
Paulette,Wayt,2627697592,3 Columbus Crossing,Lazaro Cardenas,pwaytmp@infoseek.co.jp
Jennette,Domleo,1003404550,2207 Hallows Parkway,Urozhaynoye,jdomleomq@bandcamp.com
Jessee,Brunotti,6327181473,45 Crowley Trail,Hispania,jbrunottimr@diigo.com
Trude,Tolputt,3003788667,51477 Truax Road,Hrazdan,ttolputtms@reference.com
Parrnell,Scobbie,4389598320,89846 Autumn Leaf Circle,Taoyuan,pscobbiemt@google.es
Adiana,Runsey,3807569807,140 Fisk Circle,Pinoma,arunseymu@goodreads.com
Alvira,Brockie,4444966028,5394 Miller Plaza,Krajan Sidodadi,abrockiemv@intel.com
Carlynne,Danielkiewicz,3281925483,66 Moland Street,Pithári,cdanielkiewiczmw@npr.org
Minnaminnie,Worthington,1841311697,63486 Grim Road,Balatun,mworthingtonmx@google.com.br
Pascal,Biggam,3981193092,30 Bartillon Circle,Manyava,pbiggammy@businessinsider.com
Aguie,Shannahan,3364585068,7 Corry Road,Yajin,ashannahanmz@cornell.edu
Josee,Killingsworth,4369377352,4 Troy Court,Muheza,jkillingsworthn0@github.io
Darryl,Bould,1625669218,5 Stephen Way,Deder,dbouldn1@un.org
Stewart,Larvent,9744880504,16951 Westport Street,Chapayeve,slarventn2@lycos.com
Tania,Wasbey,7721970629,490 Bluestem Circle,Maribong,twasbeyn3@pen.io
Brietta,Campling,6907821889,09320 Helena Park,Dzüünharaa,bcamplingn4@spotify.com
Kim,Jacquemard,8675087639,6602 Thierer Parkway,Moroni,kjacquemardn5@squidoo.com
Elga,Sizzey,3224107279,14 Spohn Pass,Namalenga,esizzeyn6@people.com.cn
Christa,Glover,6852215364,748 Helena Court,São Tomé,cglovern7@booking.com
Bernhard,McPike,9779754452,12 Jana Crossing,Borkowice,bmcpiken8@loc.gov
Laverne,Brecher,7939536298,61 Grasskamp Drive,Shal’skiy,lbrechern9@irs.gov
Catharina,Linger,8639389107,27201 Colorado Plaza,Madur,clingerna@blog.com
Antoinette,Ojeda,7622898903,87 Logan Center,Rāwandūz,aojedanb@freewebs.com
Kacie,Sallows,1446604996,7 Chinook Road,Tubigan,ksallowsnc@nature.com
Gualterio,Hayhurst,2397975774,7922 Stephen Avenue,Kibara,ghayhurstnd@vistaprint.com
Bordie,Sutcliff,2563858763,82915 Springs Center,Moinhos,bsutcliffne@phpbb.com
Mendy,Fillis,2458956127,5160 Holy Cross Point,Lilio,mfillisnf@hud.gov
Jennilee,Leer,7402835955,31404 Sycamore Way,Tianjin,jleerng@ow.ly
Hobart,Daid,9049541123,9357 Texas Drive,Jacksonville,hdaidnh@tumblr.com
Clark,Hellmer,8097393194,0 Novick Pass,Kiełczów,chellmerni@illinois.edu
Renie,Jambrozek,6863477513,071 Debs Way,Las Palmas,rjambrozeknj@amazon.de
Anneliese,Borer,3288026935,07345 Jackson Pass,Jetak Kulon,aborernk@mlb.com
Giulio,Danzey,8119087287,0 Westend Way,Älvsbyn,gdanzeynl@surveymonkey.com
Gennie,Marc,8155146330,153 Moland Hill,Kandi,gmarcnm@jigsy.com
Yoshiko,Bourgour,7957575523,214 Butternut Terrace,Livadiya,ybourgournn@ebay.com
Elspeth,Eddies,4923752441,34 Charing Cross Road,Tasböget,eeddiesno@psu.edu
Harlan,Stopher,1788688626,676 Badeau Alley,Chironkamba,hstophernp@geocities.jp
Starlin,Brimming,4547439853,5 Mayfield Plaza,Yulin,sbrimmingnq@multiply.com
Sandi,Boshers,8726207561,0 Bluestem Place,Pereiros,sboshersnr@w3.org
Guillermo,Crambie,2899570636,3474 Village Street,Gus’-Zheleznyy,gcrambiens@bigcartel.com
Rik,Spollen,1199252955,0 Hoffman Court,Pederneiras,rspollennt@home.pl
Lora,Lodemann,5536322925,96230 Lyons Place,Pontes,llodemannnu@ucoz.com
Roxi,Huntley,2262028812,29375 Atwood Park,Domsjö,rhuntleynv@usnews.com
Cordy,Dabner,3685098066,09624 Warbler Center,Jimaguayú,cdabnernw@skyrock.com
Otha,Percifer,6507930897,368 Rowland Terrace,Santiago De Compostela,opercifernx@stanford.edu
Thaxter,Perell,6177281935,8 Westport Lane,Strasbourg,tperellny@wikimedia.org
Roselle,Handrick,2591122983,098 Orin Center,Taocun,rhandricknz@netlog.com
Jessika,Binnie,1193350563,30123 Coleman Road,Ngantru,jbinnieo0@amazon.de
Morgen,Leverson,2303478205,5391 Westport Terrace,Georgetown,mleversono1@qq.com
Thoma,Eastwell,7458095986,30 Clemons Trail,Iznoski,teastwello2@cmu.edu
Hillyer,McGarva,1183378945,71483 Canary Drive,Canaries,hmcgarvao3@illinois.edu
Arlena,Pittem,8301763642,0353 Weeping Birch Parkway,Junín,apittemo4@virginia.edu
Red,Killbey,7569962952,7 Twin Pines Circle,Guanshan,rkillbeyo5@theglobeandmail.com
Melinda,Crame,8063087763,6 Norway Maple Lane,Ambanja,mcrameo6@pagesperso-orange.fr
Thomasa,Brandle,7206859955,6114 Loftsgordon Parkway,Ciénaga de Oro,tbrandleo7@delicious.com
Meagan,Croci,4092579506,40 Coleman Hill,Muñoz East,mcrocio8@buzzfeed.com
Maxy,Kittles,2615116460,0579 Merrick Trail,Mislīyah,mkittleso9@360.cn
Addia,Menloe,2795737724,488 Portage Pass,‘Ayn al ‘Arab,amenloeoa@amazonaws.com
Rolph,Brimble,4384462804,3 Hoard Junction,Cova da Iria,rbrimbleob@spotify.com
Lelah,Lebrun,7123898161,8 Little Fleur Avenue,Malo,llebrunoc@tinypic.com
Ali,Oulett,9768527601,577 Raven Road,Nusajaya,aoulettod@sciencedirect.com
Yoshiko,Stanion,9151527245,0159 Esch Court,Duba-Yurt,ystanionoe@ft.com
Constantine,Zuann,7149351697,87412 Northport Parkway,Cermee,czuannof@xrea.com
Any,Reubbens,1602305540,6 Buhler Avenue,Feodosiya,areubbensog@wikimedia.org
Andria,Tesdale,8339640309,1117 Springview Parkway,Longjin,atesdaleoh@soup.io
Thornie,Herrero,9894239926,9 Fairfield Avenue,Nanbao,therrerooi@purevolume.com
Lawry,Fernely,5054581387,6 West Alley,Ulichnoye,lfernelyoj@ftc.gov
Kerr,Willmett,6504497545,6277 Holmberg Crossing,Mountain View,kwillmettok@google.com.hk
Nicoli,Vernazza,9242325484,9 Northfield Crossing,Pingle,nvernazzaol@patch.com
Norene,Jeromson,5561394597,48759 Kennedy Parkway,Sandachō,njeromsonom@icq.com
Sunny,O'Scanlan,7027892025,4 Blue Bill Park Junction,Jinchang,soscanlanon@noaa.gov
Camila,Berni,2581978421,41409 Anhalt Point,Sasolburg,cbernioo@i2i.jp
Chad,McSaul,7107530201,90 Lien Parkway,Muarasiau,cmcsaulop@360.cn
Terry,Dwelling,3558261497,6978 Arizona Hill,Thanatpin,tdwellingoq@unesco.org
Jillene,Raittie,7777693278,58 Garrison Drive,Vatutine,jraittieor@arizona.edu
Mathilde,Rosiello,4345751982,98276 Farwell Road,Alto de São Sebastião,mrosielloos@canalblog.com
Sheila,Rawcliff,7298693338,9452 Pierstorff Terrace,Mosteiros,srawcliffot@booking.com
Alberta,Blabey,7995687367,621 Mosinee Crossing,Donegal,ablabeyou@creativecommons.org
Ilyse,Heakey,4447901380,2330 Dexter Way,Qiongshan,iheakeyov@patch.com
Alfred,Lomasna,8064510581,1869 Talisman Court,Witbank,alomasnaow@xrea.com
Mark,Domerque,4779425085,8727 East Terrace,Suez,mdomerqueox@ocn.ne.jp
Tirrell,Ramsdale,1581604697,63 Bonner Place,Perené,tramsdaleoy@wiley.com
Edgard,McKim,5845109867,7454 Nancy Hill,Caofang,emckimoz@buzzfeed.com
Olag,Kaemena,2507759285,7 Basil Circle,Bum Bum,okaemenap0@deliciousdays.com
Corty,Cud,6954672733,465 Sycamore Junction,Phú Lộc,ccudp1@usa.gov
Fee,Ghelardi,8264466603,11115 Pennsylvania Point,Sayapullo,fghelardip2@dagondesign.com
Myrtle,Darco,8069686295,70 Haas Center,Biliri,mdarcop3@vimeo.com
Issiah,Marzele,3747948510,45 Oak Street,Kuala Lumpur,imarzelep4@linkedin.com
Roarke,Urien,3794803437,99529 Shasta Lane,Buga,rurienp5@cdbaby.com
Vere,Aisman,2355227289,1 Menomonie Terrace,Wąpielsk,vaismanp6@rediff.com
Garret,Huonic,6175639004,22367 Dakota Way,Korisós,ghuonicp7@yahoo.co.jp
Nick,Jouhandeau,4765740764,9447 Stoughton Alley,Dovhe,njouhandeaup8@plala.or.jp
Aundrea,Nuccitelli,2073732552,8 Gateway Trail,Lafia,anuccitellip9@wired.com
Raff,Giddings,7169676354,98 Caliangt Parkway,Krapyak Kidul,rgiddingspa@hostgator.com
Isabella,Linklet,9162485232,829 Straubel Hill,Citasuk,ilinkletpb@51.la
Sylas,Hazeldene,6325538412,9011 Sunbrook Crossing,Takaka,shazeldenepc@aboutads.info
Bennie,Symers,7313094941,4136 Northview Parkway,Zambujeira do Mar,bsymerspd@cdbaby.com
Dana,Bachellier,5342217081,3984 Surrey Hill,Izhmorskiy,dbachellierpe@taobao.com
Roxi,Bateup,6489962300,97401 Rigney Court,Zhenqian,rbateuppf@wikimedia.org
Susette,Oxnam,2417726563,1329 Stone Corner Trail,Krasnaye,soxnampg@elpais.com
Jocelyne,Burstowe,3923367628,62146 Melody Point,Bến Tre,jburstoweph@google.es
Lainey,Shank,5032003218,2 Lakewood Gardens Crossing,Owczarnia,lshankpi@myspace.com
Eben,Birkhead,9614346694,82852 School Place,Şuraabad,ebirkheadpj@google.com.au
Winfred,Rosas,9412783345,92 Brentwood Parkway,Rybinsk,wrosaspk@nba.com
Papageno,McElvogue,4332570504,310 Lakewood Gardens Junction,Bañga,pmcelvoguepl@guardian.co.uk
Germaine,Mountfort,8431481643,4 Thackeray Hill,La Purisima,gmountfortpm@themeforest.net
Rodina,Escalera,2787680840,40149 Schlimgen Park,Strellc i Epërm,rescalerapn@springer.com
Carree,Aliberti,4457180972,16819 Kinsman Place,Gobernador Costa,calibertipo@etsy.com
Fransisco,Tenny,2408611257,6 Stuart Lane,Tamana,ftennypp@usnews.com
Mallorie,Churcher,7008974511,03532 Morningstar Point,Andahuaylas,mchurcherpq@businesswire.com
Annamaria,Geator,4381524765,81 Upham Court,Zhangcaizhuang,ageatorpr@woothemes.com
Halley,Full,4817305386,387 Rowland Place,Tangerang,hfullps@usatoday.com
Wernher,McGillivray,5748026300,7146 Waxwing Parkway,Rimbo,wmcgillivraypt@gmpg.org
Bronny,Downgate,3644690893,7 3rd Park,Chongqing,bdowngatepu@yandex.ru
Tammi,Anslow,1651081094,3 Clemons Hill,Azaruja,tanslowpv@discovery.com
Genevieve,Starkey,4054791082,94 Northridge Center,Dulce Nombre,gstarkeypw@ed.gov
Noemi,Helliker,1999103226,15 Dahle Alley,Sidikalang,nhellikerpx@ameblo.jp
Killian,Conklin,1194953175,27 Cherokee Drive,Saaban,kconklinpy@ucoz.ru
Kris,Riditch,7087965701,1 Ridge Oak Trail,Chamlykskaya,kriditchpz@purevolume.com
Griffie,Cracknell,2155788388,5638 Steensland Drive,Shibganj,gcracknellq0@google.co.uk
Briny,Heinish,4912682765,85 Crowley Center,Butigui,bheinishq1@moonfruit.com
Paule,Hector,4996463219,7 Miller Plaza,Mukayrās,phectorq2@creativecommons.org
Samara,Cressingham,9162318530,9 Eagle Crest Parkway,Ngrejo,scressinghamq3@rambler.ru
Bing,Trunby,8492037578,56 Sauthoff Court,Daruoyan,btrunbyq4@apache.org
Clayson,Clemanceau,9307149955,5306 Pearson Lane,Iqaluit,cclemanceauq5@free.fr
Bobinette,Berston,4396013609,42611 Petterle Court,San Pedro,bberstonq6@list-manage.com
Finn,Duck,6459254424,5 Luster Alley,Namibe,fduckq7@domainmarket.com
Ranee,Hewkin,3004570120,03 Hallows Crossing,Sunne,rhewkinq8@theglobeandmail.com
Latia,Ackers,2775802977,7134 Saint Paul Trail,Leninsk,lackersq9@chronoengine.com
Sybille,Jiruca,4729826608,24 Lien Road,Emiliano Zapata,sjirucaqa@mapquest.com
Emlyn,Manning,8493869321,80 Maryland Parkway,Muting,emanningqb@uol.com.br
Benoite,Powrie,6412384678,00494 Huxley Center,Longfengba,bpowrieqc@utexas.edu
Peg,Potts,8769032457,3593 Manley Plaza,Satuek,ppottsqd@bbb.org
Brantley,Tremelling,4763281703,91586 Moland Pass,Xilai,btremellingqe@indiatimes.com
Rudy,Whylie,8028842499,2784 Declaration Alley,Taunan,rwhylieqf@ameblo.jp
Georgine,Canizares,7036433091,793 Sage Alley,Velikooktyabr’skiy,gcanizaresqg@cmu.edu
Clarie,Vigrass,7811440821,80596 Glacier Hill Plaza,Ngô Đồng,cvigrassqh@jalbum.net
Garrik,Wedmore.,6934500883,72 Northridge Pass,Kesabpur,gwedmoreqi@ocn.ne.jp
Viviyan,Kabos,3535387402,50 Mayfield Alley,Quva,vkabosqj@tripod.com
Flemming,Altoft,2533521896,54 Johnson Crossing,Tacoma,faltoftqk@vistaprint.com
Lauren,Tuting,5277421235,55 Goodland Street,Şurmān,ltutingql@creativecommons.org
Efren,Coy,2529354767,32925 Derek Plaza,Huangtugang,ecoyqm@aboutads.info
Townie,Tresler,6477244952,399 Fordem Park,Pumaqangtang,ttreslerqn@skyrock.com
Kori,Dorrity,7421858720,0 Manufacturers Center,Tongzilin,kdorrityqo@tinyurl.com
Christal,Bing,9036006134,85 Tomscot Avenue,Neryungri,cbingqp@gmpg.org
Vinni,Rabbatts,8962156649,05768 Manufacturers Terrace,Khorramdarreh,vrabbattsqq@gnu.org
Demetri,Syres,6524353147,9956 Fallview Junction,Lisala,dsyresqr@huffingtonpost.com
Vasily,Hadny,8646405345,9315 Washington Place,Norsborg,vhadnyqs@admin.ch
Dorthy,Lightollers,8352050903,5 Bellgrove Center,Iperu,dlightollersqt@dmoz.org
Ozzie,Silverman,6498501450,5 Prairieview Circle,Clarin,osilvermanqu@t-online.de
Merilee,Moneti,3098298141,2 Melvin Place,Peoria,mmonetiqv@shutterfly.com
Dud,Wilkennson,7696648817,3 Eagan Point,Kolkhozobod,dwilkennsonqw@addtoany.com
Cam,Liddall,6628065506,751 Hudson Way,Cortes,cliddallqx@issuu.com
Elijah,Althrope,1396825078,1871 Dunning Court,Cumanayagua,ealthropeqy@thetimes.co.uk
Berny,Giamitti,9234185415,99 Iowa Plaza,Shambu,bgiamittiqz@hhs.gov
Ettie,Saint,2738457531,14 Sunfield Trail,Wattegama,esaintr0@sakura.ne.jp
Grenville,Barosch,3112787414,5 Sundown Court,Surgut,gbaroschr1@diigo.com
Brigid,Radenhurst,8142399757,6 Steensland Parkway,Menongue,bradenhurstr2@statcounter.com
Mallory,Radsdale,9811071091,3100 Rieder Street,Pateros,mradsdaler3@alibaba.com
Allina,Stouther,5159956309,96576 Northview Hill,Gaspar,astoutherr4@prlog.org
Valaree,Clingoe,8064195209,1 Swallow Lane,Pułtusk,vclingoer5@discovery.com
Giselle,Petcher,7993768330,0131 Dorton Crossing,Zaragoza,gpetcherr6@drupal.org
Sargent,Sakins,5003265484,3500 Warbler Trail,Novoselitsa,ssakinsr7@rediff.com
Bertram,Clopton,2599234426,393 Bobwhite Junction,Antsirabe,bcloptonr8@ebay.com
Chet,Pree,7736587317,32 Chinook Park,Urazovo,cpreer9@arizona.edu
Elizabet,Barmby,8076320618,2085 Lunder Road,Cuauhtemoc,ebarmbyra@last.fm
Brooks,Pryell,8008440007,08907 Granby Crossing,‘Attīl,bpryellrb@purevolume.com
Chrisy,Snyder,1431926165,725 Tomscot Alley,San Felipe,csnyderrc@123-reg.co.uk
Theobald,Gogin,6037030500,88220 Oneill Avenue,Ngulung Wetan,tgoginrd@microsoft.com
Calli,Seccombe,1236180652,8 Crownhardt Alley,Colombes,cseccombere@hud.gov
Anya,Reubens,7471046894,26 Old Shore Avenue,Haozhai,areubensrf@wiley.com
Lauren,Duxfield,7575483391,42 Fremont Terrace,Iwamizawa,lduxfieldrg@macromedia.com
Muire,Martinelli,2011586149,7906 Schlimgen Plaza,Panxi,mmartinellirh@desdev.cn
Lise,Wigfield,7178967997,60 Surrey Junction,Caojia,lwigfieldri@google.it
Haroun,Cramphorn,9673814226,2548 Utah Road,Banyo,hcramphornrj@surveymonkey.com
Ardys,Pountain,4732747163,550 Crest Line Pass,Maripipi,apountainrk@spiegel.de
Wrennie,Rebillard,7153251632,52929 Summit Point,Dalamdesa Kalapadua,wrebillardrl@google.com.hk
Lindon,Breit,3132704830,332 Dawn Terrace,Ad Dasmah,lbreitrm@moonfruit.com
Siward,Rippon,2174439987,5 Butternut Place,Kafr Zaytā,sripponrn@smh.com.au
Karola,Devons,3627408340,53 Bobwhite Crossing,Leskolovo,kdevonsro@rambler.ru
Deloria,Wolfinger,8388924180,5885 Sherman Point,Shuiquan,dwolfingerrp@google.fr
Raye,McAvey,9179307638,036 Jay Court,Bodø,rmcaveyrq@homestead.com
Kaiser,Willcock,9898378263,6944 Washington Lane,Si’en,kwillcockrr@storify.com
